,f1,f2,f3,f4,f5,f6,f7,f8,f9,f10,target
0,-6.803875253564079,5.5744621369560985,0.7395474826077919,2.1624910514937525,-1.1044066323916466,-2.9557438139635073,-0.35086751876043687,3.2542760183024932,8.125112249450467,0.6423133611489515,5
1,1.554767174999323,-7.139236813913918,-4.537237841099024,0.6900944099625224,5.499666990195418,-5.617732551459764,0.13339666506492698,9.733327013537874,-0.08016227011111293,3.7078969233138004,4
2,2.7094753950713275,8.827984265681735,4.4363303588520555,0.7270683988887365,5.7330882792782685,-3.6773099610599678,-4.916341967220608,-5.289540701051184,-3.8944909463652935,3.6956352204183744,2
3,-3.7534101970102265,3.3941074477804785,-0.815885523470596,-9.438948952149849,-1.6624257523906496,4.028756176979305,-7.211390644127274,-6.631955686590864,1.5651280972447508,0.9430916372508984,1
4,-9.761179840360615,-2.246607970621292,-1.6265998368909145,0.47623951743125215,-1.780725581738351,-3.3145771481443953,-0.4502964027958005,10.288016532896439,8.590056588199912,-0.6069978630216387,3
5,5.7508009591556375,1.5048319934994294,0.9861064720980033,4.780505858215097,8.62948111203681,-7.54701263368681,5.314899381864509,-3.995709638292898,-7.245775403934799,2.5541311190727214,6
6,-7.306516179690742,7.701594553723301,4.547287588969271,0.7410213154038798,-2.0820263516005295,-4.494901023048305,-0.5536352630014503,3.9137577110716557,6.317360703909929,0.538289376471707,5
7,3.1709341132986797,6.684755942111978,4.328308500135627,5.071177950669246,4.937522010402382,-3.3903447069950055,-2.8968036427371056,-4.3975733497406235,-5.644045386022681,2.4383344541229337,2
8,4.425097745272806,3.238517843366302,3.309914954887903,1.212264664196966,7.489831329601835,-7.8852300851218295,5.052330240430326,-6.599285463805677,-6.796257291937204,1.1159342347619277,6
9,5.504968287433395,3.17558304317825,3.2690576751913554,2.1556320436021355,7.389968918208091,-9.024415254530636,6.011282873723687,-4.954080025493472,-6.284807028404983,3.408426299420454,6
10,-2.176733305635101,5.4101645467056825,-2.0043251268177342,-7.628385063848672,-1.9376480009389532,4.3382240138655614,-7.043088187302437,-7.269236603513242,1.1038023342863017,1.2867066429043235,1
11,1.1349114136496539,-5.316317684256801,-7.632378887127975,0.990689897047995,2.1529620453866136,-2.6321442166867706,11.947345963901967,4.041719012309337,-0.3285562949050547,-3.778401616436847,0
12,-3.453139630885967,4.315417989002252,-1.4064544453873842,-8.26763879418285,-2.944415158632901,4.671382809088124,-6.087206335760854,-5.848922727662903,-2.149809798044653,1.0399549515058335,1
13,2.3353231536194006,7.156917919360651,4.407715095127411,1.406723613581022,5.731911638174004,-3.2167922233470327,-3.1589818063768975,-6.42230691275985,-4.057505782306151,3.87822291785776,2
14,-8.184485443511896,-2.1972577438384784,-1.5153121803963914,0.7595430647239091,-2.3909861895567595,-3.233638026111311,-1.934420723898429,6.340213996089073,9.944879195958563,-1.3372136401646886,3
15,1.4867448213839167,-8.602254809613623,-3.770490645392753,-1.5265034515775884,7.901043932505334,-4.974683949367842,-0.33662818490630353,9.960582793705797,-0.4842866586402016,0.16033124478852434,4
16,-7.012201359965333,6.69270109764164,4.271240771120759,1.1649338235893136,-2.7356510941133987,-3.9451688164703342,-0.8882735606011932,5.292334117348899,7.6788421118395735,1.7325801947003343,5
17,-8.42738781568102,6.706210642649397,2.872603303873825,0.6251116830344647,-2.3219960565857134,-5.294679961756372,0.6415558217451491,3.965074561906883,7.464820164435167,-0.5048040713756158,5
18,-9.762908182203926,-0.6883928306477827,-2.9238000586258677,-2.679601359615014,-0.5463648412683535,-1.9643673559367696,-1.4326334881605043,8.55425918237538,9.554584515781862,2.3919690590901608,3
19,-8.045044697450095,6.634666374193382,1.71880882122803,-1.101293767266203,-2.5164463001288966,-4.986720540902224,-2.8092502577439245,3.1400015764760703,7.2234684902549,0.5601621552700511,5
20,2.398870814601608,-3.2027481604569035,-4.390341182482156,0.20301021704333366,5.195361507333415,-0.5850399356991245,9.653731044340002,2.7480961455031885,1.2320195649482426,-1.776728202344763,0
21,-6.2846221383849485,7.01929817711101,4.455883490809357,0.8419687831942964,-3.4751616022721987,-5.638382309109705,-2.0997426598916986,4.139316721457007,8.405691559848613,1.6055769139926435,5
22,3.5408717127484017,2.7966503061685852,1.2019358098525033,1.3330176030356653,7.442889686854551,-9.340999100504144,3.8699521662986047,-6.308109843664532,-5.785627849132883,2.755016693267728,6
23,-11.029959810364112,-1.8744218915809991,0.06001437358368089,0.9280899921815466,-2.943811703202318,-2.8960137253121276,0.25426104050573484,8.474481685381463,7.40734418846303,-0.747081816457485,3
24,-8.87498546055847,1.277879132029875,-0.7380154119182433,-0.9546510106729578,-3.4533840602238106,-5.043601392805415,-2.39220515153267,6.5059721003791,8.764502173920734,-0.9801542991282244,3
25,1.5905294102387222,-7.754737801347783,-4.3471309173055115,-1.834377626335109,6.464533532604553,-4.575088718736005,-1.7524424638207001,9.497676866337992,0.6811330028227176,2.5507106470642635,4
26,-9.317910967676951,-2.9485253286968605,-2.006445390998189,0.2894127073459965,-2.5710358730244716,-2.568638945049653,-1.1062952577133438,8.933887528766881,8.086671949927707,0.748849342955529,3
27,5.087452586397085,-4.959978020829783,-4.3734382715014855,0.9557719636954749,5.4575397830403425,-1.1946128165332146,9.508609477134067,3.922856418765968,-1.8543395794243573,-2.1516203089459545,0
28,3.9498024707428088,-4.859063510809284,-6.122531016988234,1.777239978847505,1.9509188316662374,-2.8450489858150663,8.65203028181352,3.4489733930036484,-3.012800007121115,-0.898928333527657,0
29,-6.897580017575461,8.108082277523462,2.811569696623843,-0.8081076508755367,-3.2055483204983046,-2.6290097791275735,0.05023597895711118,2.7946814020978614,7.293112666969175,0.8636154167287126,5
30,3.92048088694493,-3.6994193467680305,-5.632714746515067,2.6684781537028446,6.038197257197069,0.17759779465920977,9.380965243133543,2.2146363155944107,0.8387165439254978,-2.5739949214167654,0
31,3.0874483691075727,-8.404638241712501,-5.463269928741573,-2.6844674727001996,7.6470167381659255,-4.53411729647312,-1.1999072662853396,11.036583652234555,0.37066438860008655,0.6175173951882664,4
32,-2.6615413540456268,2.7124943344302834,-1.4312140135730662,-9.940690094086973,-2.846814233588523,3.4838307624963645,-5.796538995591015,-5.937090406618283,-0.060172968496010615,1.0121340483809198,1
33,3.2314258184880362,-7.432977799807951,-2.9371644166324296,-0.4392280687371648,5.804832485690159,-5.417012171102761,-0.9564100209734911,9.065512193686809,2.5039806103953532,2.7681735186209178,4
34,-3.3157320235340757,4.740608860992561,-0.08287089300628803,-8.479637348133666,-1.6062248346158188,5.057671004391176,-6.081164201257872,-7.887724052985125,0.2142698084964666,2.071438540478864,1
35,-2.4631841882099677,3.780723466638287,-1.3480412162162667,-8.115243462090552,-2.346993919967672,4.847418124829427,-6.654251683479011,-7.460762480557017,1.820177961558911,2.029617982520314,1
36,2.4960754449675444,-8.075187274011475,-4.0679434376835095,-3.072586160080437,9.215050278864206,-4.0074200887309726,-1.166399605817629,9.487890918243535,1.6815391289501194,0.6325685895384354,4
37,4.529558948286827,-2.292630902533845,-4.400756459793156,2.0566747128098526,6.640055426742128,-2.1088288843682106,8.111825568442915,3.4642373752045255,-1.2063540241599418,-2.4144949971414364,0
38,-0.7650512229573616,4.4688988559257545,-1.148141012854848,-9.132233676959457,-3.73256894090291,4.496754734762525,-6.118128419391093,-4.990042255393419,1.122984604633333,0.44716955420462423,1
39,3.4809920734962914,-3.86439453930472,-4.862088420023919,-0.10534554509332783,5.076183802505939,-0.9521026588437098,10.081054033730526,2.278700283667596,0.05922032997621801,-2.0750542165807193,0
40,-8.095364005802072,8.355132176077367,0.8798535661445148,1.1753682560756027,-3.0642901396613342,-4.619736692873091,-3.0133754007178792,4.5573468852155585,7.510114225143365,1.1644953160432903,5
41,1.6752063569925064,-7.9184924424331085,-3.2957391702428698,-2.397112377572289,7.283541116911687,-5.417636061861709,-0.5670038689526491,11.815694999828297,-1.4669592987578726,2.0431774551353805,4
42,-8.547154358494701,7.279629787135785,1.0391714522518474,1.7367717641129161,-2.4482716833844815,-2.4198356329232773,0.8017390054074318,3.374882884262389,7.394841786410955,1.6539436692517215,5
43,3.67834625674519,-3.5043679053195027,-3.8407624408657868,0.5291352349689591,5.080801940968049,0.40528937321392755,8.49871913345683,3.1473411829692024,-0.9792170509049862,-2.3159767731662098,0
44,-7.273132950100188,-3.5954783197455757,-0.548212002431917,0.67300532626523,-1.5828270558735844,-2.7512389779037454,-0.03201097616415982,9.80060384421419,10.824449659641676,0.09225904700235281,3
45,-2.2798848205891495,4.5636029254506365,0.22002147891693924,-7.914241982670794,-2.2685415223351675,4.310240512977741,-6.326793047642751,-6.300754859190961,-0.25072104989504174,1.478491314961898,1
46,2.0056679822601065,-3.5814259818528034,-3.587170382002303,1.4419899215502587,4.5499238171909795,-0.7181101879005917,10.380338813689328,2.867605937936255,-1.0405132810094289,-1.5465260860610786,0
47,3.0850790066894267,8.90816228712681,3.1610392662106186,2.7701674826663796,4.721329584519039,-2.622937776782294,-2.8954672068893803,-5.161910440355623,-3.943744944073944,3.1923652960605153,2
48,-6.0372180030648375,6.657072718838732,1.97976884072807,0.9438930001809557,-0.3451993777641542,-3.228079225444042,-1.5470959372974358,4.531357832764543,7.2757811625792685,0.5667018012346438,5
49,-8.028013894429375,6.383092116897014,3.4474690047557512,-0.22242121493556422,-2.364901537955154,-4.024655654671498,-1.1699094480427543,3.6510640215656056,8.540651043055492,0.7391454118798391,5
50,5.346682758434085,-3.469976766413845,-5.417480848084841,0.7932033206734111,3.191078251010474,-1.3383467239521483,10.083723087137955,2.8654397874539863,0.780842078786748,-3.2548526826000237,0
51,-9.197107214261196,-1.462348097553487,-1.4518561966949985,-1.16456955967518,-2.6278301435696685,-3.384812397420297,-1.0013869171359187,7.049121633298488,8.711195203183758,0.5333563771010157,3
52,-3.5560804185927197,5.215757279274356,-0.15863650748016034,-9.715769084368574,-1.5688511457951853,3.6484776668783594,-7.098992856499452,-5.923370151022385,1.349178019388611,-0.3628290073361975,1
53,-2.7905929150635282,5.588722384380467,-1.7548191216282079,-9.324795273077699,-0.836598306721668,3.196751408491505,-4.7210750995486,-3.9350704178223235,1.1084791615416525,1.4506502155139345,1
54,1.6842198178384313,-7.238752803167941,-3.4563911390229185,-2.5926385666990863,7.268096731271224,-5.672364710076622,0.24455998994914396,11.985899090917492,-0.5179644871013637,2.700943184210628,4
55,1.327495078438395,-7.343719190127811,-4.642693016593948,-0.6495393668602192,7.117089000884206,-6.51166090705374,-0.8990519570610674,9.758206718255419,2.135822730205482,3.1254444017608645,4
56,4.181981258521213,1.180569245364879,0.95207513386305,2.334810799499791,6.44314009732171,-7.668630959762432,3.7828287870837274,-5.092160785211732,-4.47824665790445,0.12322213218806444,6
57,-6.725063634425856,-2.0017888423167083,-0.8515958200476684,-0.44940133641967644,-1.5518904705333132,-4.3980147763093065,-1.768360572037097,7.1671923863388844,9.286052163643685,-0.7880346305250998,3
58,1.4987408099741917,-7.758012445519297,-3.8560414821923974,-2.5272493125496385,7.6074789427119995,-3.218781352724009,0.2768638971759487,9.78230968455049,-0.049079796096353434,2.304677864773642,4
59,-2.6312104658756477,3.8044154797370746,-0.39145289250647053,-9.905657358400335,-1.4453837721418412,5.292565509254103,-5.943437554666304,-6.93804852129741,1.3911937098043108,-1.20071312062632,1
60,4.251960449954436,-4.711379821244003,-4.43049121296256,0.8319526549301897,4.983449650950331,-1.7369831802680331,9.906158355117233,3.9762574418552266,-0.1313920308572502,-3.131957485737909,0
61,-2.3672849129290805,3.898663102013153,-1.17888386643717,-10.554071237130401,-1.7787402348670702,3.7243796972197636,-7.668302122765053,-5.972249995109508,0.8413650069705767,0.19317425228931384,1
62,3.9207232452156466,-3.300400318522801,-7.214041277908308,0.36043841463843707,4.42531989821518,-0.6877679139863436,9.998154206719175,4.022058399879396,-0.6056747562836822,-1.6757753790982743,0
63,-8.119312065558184,-1.1275505410455289,-0.8366213508336674,0.6862554607083214,-1.7657869629791343,-3.0278409655143212,-1.3910076810483254,9.09515490372073,8.604387730357036,0.17698912003353384,3
64,2.5336351650940205,5.701040704775938,5.13196040239367,1.8290665337430503,6.281773583698747,-4.170540439995324,-3.3405100907202825,-4.630297093151579,-4.781055998889893,4.131090797531929,2
65,-10.08209738602074,-1.360049175228206,-0.4019552603431691,-0.6066125583349216,-3.573513192836434,-5.139810596941366,-1.397776323752388,7.147023694122469,9.017125308463623,0.018271350234475806,3
66,5.304374343451432,-4.407657989977035,-5.711626779100912,0.3566482340143,4.37577551003591,-0.8516701114578709,8.797615668113563,2.3502372109600254,-0.7571118812947076,-3.5373746147757394,0
67,-6.62306632421921,-2.823456748101611,-0.15957137307831237,-0.04049740420425253,-1.9367370992817596,-4.663545779475776,-2.4010960045043688,8.549539218963943,9.343509578059233,-0.15171101469145903,3
68,3.2780640263757794,7.742114348943679,4.913050110805697,1.6752148057837557,4.65597820483486,-2.6940350216365716,-2.3026214943229504,-6.531088887597532,-5.003337348973337,2.210280860347736,2
69,-2.8853646578930885,3.502097234991137,-2.157492827365087,-9.53655292759712,-2.602784204546418,6.307831380273477,-5.174763476634569,-6.703614547764093,0.8039607710462717,-0.9578842761730768,1
70,-6.559095991723142,7.322787536331296,0.5889661003893334,2.7816232353823196,-3.688438570935016,-4.458373076621209,-1.8260275673539303,5.688078702956325,8.152331369616753,0.4421051949274952,5
71,3.155569644661444,6.704082506154917,6.130510681948223,3.372826244375984,3.8470585192882742,-4.7564837872714385,-3.312645230324886,-4.369352435984393,-4.6496414803451325,3.1655104622562567,2
72,3.160804193748097,7.454259695566557,5.285774365318175,1.3833868257196973,5.542977751536448,-3.7076192142266784,-0.7759525541856289,-3.6823024278628136,-4.733779263935264,1.2503038821927461,2
73,2.7231989984503877,6.956588448384345,4.555388891857578,2.3410860812375796,4.215681076769974,-4.513676728204628,-1.2352125784365726,-4.797242780161148,-2.008585675724401,3.1170784190572967,2
74,2.8999405205752162,-7.888289553183311,-4.031030370169565,-2.0486001852080586,5.8623401520786285,-6.966191594763114,-1.201441322927113,9.10756009260008,1.136190426827148,1.1566946738148174,4
75,3.583293678094038,-4.167810144551149,-6.235554661088378,1.7711146940529403,4.640843579754855,-2.2326690126162836,10.504276885287165,4.857663129343749,-0.48004666712229477,-2.3726326810808804,0
76,4.157717667826678,2.182195378737731,2.4724394540717145,3.93849868497712,5.774936993394455,-9.488320229376592,5.857818565508862,-6.31346077876014,-4.295064099581346,0.6641084961850623,6
77,-9.267230128948238,-0.6341666693565485,0.057998318055306086,1.2998722298430374,-2.0146994277758674,-4.637062947238135,-1.638733331706971,9.438853540307502,7.520912202197985,-1.4765394835722172,3
78,-2.0399068485722647,5.497035408336722,-2.2481172329365213,-8.913859966378507,-1.5868496799165475,4.999911066926157,-5.044417991420765,-7.16629911259416,0.7873468979375899,0.24332102703123287,1
79,1.100430200534146,4.078939122069449,2.757328354257275,3.750703731372061,7.627637046943207,-7.774424185883976,6.711510646192073,-3.425794939431488,-6.931566720767399,-0.49234730990302844,6
80,2.3349390325387076,8.858444795636961,6.217094508494197,1.288874588098369,5.3578986445152825,-3.236759333121648,-2.7506673622640467,-6.294423371765069,-2.5041884387757642,3.7847808182554816,2
81,1.5807406574647604,-5.995923622886417,-3.461238157687686,-0.1695066502583733,7.709826347164346,-5.856515363780754,-0.32144711931021247,10.359195211270352,0.6078440703028091,0.4416034642570468,4
82,3.9043235673756347,-5.013477235262083,-6.180456766023165,0.05373905809035906,3.949707190285268,-0.4496503210614362,10.503050036265774,2.522324468871921,-0.16677589560854628,-2.559809371189507,0
83,3.5685347649579104,-7.500902441488366,-5.02480203228994,-2.570162121813337,5.306166920176514,-5.116455523361849,-0.12179714873409381,10.533244249548979,0.18551950881942159,1.4101054808148854,4
84,3.6572072462698393,-5.43734296252594,-6.222806017308601,0.3719142958373315,4.240088453963815,0.448892239658381,8.939814533905878,3.4007657037916266,-2.433760375289387,-1.557078541806482,0
85,4.86706873578075,0.42312959885789647,3.2785729366581413,3.9607892014996313,8.369988260787173,-6.33479331595394,5.12861709224454,-4.810013555504541,-6.050591731889277,0.34631274520076727,6
86,3.2075558301290745,-8.805715881210407,-4.843984726845728,-1.8053117618501162,7.495874603339572,-5.686528201289963,0.1717281998506296,9.496939355507038,-0.3670669362444312,2.512926582377859,4
87,-4.6798835858750865,5.155615576602002,-0.44165188449586723,-8.53336887969594,-0.7281911968875141,4.691807659947145,-6.499304575581156,-6.13592534794215,1.4987337295569403,1.2063922563898064,1
88,2.1222855610179483,1.9323706437155705,1.769051481551478,3.8673575795330946,8.038795571677227,-7.514951443664362,4.61533755669308,-5.033699143685188,-5.731653171184559,1.9045117668526852,6
89,4.890263787171076,-2.492856505691108,-3.8749030431216767,1.1389395538977527,4.38750470398549,-0.905922513501448,8.50024401427287,2.245911630092465,-0.8538925623377799,-0.937080722402462,0
90,-7.069352159539789,-0.738054085502571,-0.7133556640232986,0.43562257615027977,-3.5109857608843424,-3.645167413750251,-1.0230057831333612,7.938515937699291,6.531871756966562,-0.08807289802930095,3
91,1.4700823977056228,8.27422760396979,3.3983220683945623,2.2404313174559896,3.9687670295382786,-4.464236919557556,-1.59628632601514,-3.7497538867966194,-3.9474448551257564,4.145521393952424,2
92,-8.098430303288561,9.209603950429347,0.5213647537252597,0.5753157127081365,-2.6591715839616668,-2.8293851388886786,-1.0305954652271883,4.472654099022429,6.815937949209826,0.8036966641831589,5
93,3.7198978888124827,-7.065765997493677,-4.7180890528855475,-2.478329210376918,7.943209561725562,-5.103265729514112,-2.5176248024497965,11.128143320919763,0.5753204427805192,0.8283449478667677,4
94,-7.852533730574297,7.267414664335975,4.451277624236145,-0.39715641820505065,-3.2424530410452643,-5.0399458085281275,-2.87000825928924,3.7158904100032837,7.008283239306198,0.5426692077926017,5
95,2.9677800147861717,-4.970203365545788,-1.7560843994133108,-1.1868395618530037,7.711575922419826,-5.34172660296653,-1.3403498304491996,10.154170455981626,-0.05474583169264402,4.014096314039697,4
96,2.3412988804639796,5.735197875118101,5.48209866726395,1.1282698671195597,5.472058629184438,-5.329756288187358,-2.9414166677455933,-5.5970419154566855,-4.141513444166971,3.575818356769064,2
97,-9.731239577929985,-0.5002988558684578,-1.6979951513466638,0.1159987663747257,-1.696804586722581,-3.834975554505287,-2.5868166489591644,7.6989856742848515,8.820129081277123,0.2433881092107812,3
98,2.0342081188779133,-4.189482837125834,-5.496660160256877,1.2060469474291398,3.349216514731779,0.1811638835737226,9.291424183906964,3.5082979132035983,-1.2813705401219422,-3.088651639991713,0
99,3.9165702992393268,1.901391998957497,2.091818429480177,4.593547013048003,8.51090695289565,-8.357427106853281,5.431406218099175,-4.3752968146124465,-6.454272838216132,-0.646098915619643,6
100,-8.399651343756446,-2.7319374804489436,-1.1543736331425656,0.5054608720707873,-0.4697284340764085,-3.5115638298958456,-2.428445227585001,8.42128710353412,10.573079893434178,-0.22566505633392597,3
101,-7.814110749877941,5.372707071770508,0.5416073397947141,3.180507650248028,-3.6363944481949146,-6.048723936538563,-3.1169063208940595,3.705877814236999,6.769357531701894,-0.03847277962304435,5
102,1.6426899016062553,0.4861298459092527,4.09368604172245,3.049230438799689,8.087358420222362,-7.4288258565997225,3.6183691534455824,-4.3522130256259235,-7.159374443171423,0.5135577623223199,6
103,2.299616839089791,-8.462663461138167,-4.078180331078348,-0.5319506760012054,6.939936547404969,-3.4826352876795856,-0.18388603790647393,9.457600995551728,-0.6145574136189664,2.934391777056801,4
104,3.4381428440970345,1.5002110401561297,2.6921858106912855,2.9623008506864887,8.013048135068296,-9.12288152565912,6.080266947625814,-3.0450441430269986,-6.180231055502249,2.743496887309382,6
105,-7.887645030737796,-0.19345128385432608,-1.38684824037585,-1.1629019296408298,-3.179015992870288,-2.7207656845706407,-0.8326993508969407,9.529730789355995,8.975666826738832,0.12333127386670734,3
106,1.3893920057733002,-8.695144785783976,-3.9032918828348633,-2.2710763728115366,7.233279512330813,-7.158700535269391,1.353035585448573,8.993776749511724,1.601789388147238,2.08986757843834,4
107,1.6298347197919747,1.5401607817842167,1.6216828636037324,2.685688532252122,5.871803040261248,-8.09385567847959,5.183779885309255,-3.7364617521155292,-7.161827276027653,2.9564236934067516,6
108,2.4856719510686616,6.530706471272091,4.289778912351982,3.2014770691214056,3.243260703269737,-4.561490222742898,-4.720925139976999,-3.407486686534484,-5.285463800505868,0.734090821218023,2
109,-3.793905785923853,5.310598267196594,-2.346322315797133,-9.410878792621062,-0.6211480649546721,4.027064134388172,-7.204110210159264,-5.915116515119478,2.585761039992061,0.3968817946432026,1
110,-7.7445780376191555,-2.3449493267263026,-1.2953357257899338,-0.32117980408151836,-1.257579768137338,-3.3011275611300857,-0.07472302878330361,8.155957091574088,9.430269495500728,1.5360494845892225,3
111,-6.449416890663882,9.067330272229341,1.9784961502915877,1.345981467304222,-1.248319417673484,-3.6800036585476135,-4.302980743155382,3.1770243811795966,7.150229668551332,0.34164076024842754,5
112,-4.188718658393551,4.904588775639935,0.5750308082055782,-7.07447993762244,-3.51551418924313,5.330539334517451,-5.674661610024227,-6.901475339873792,-0.3331725578756277,-0.684262572234327,1
113,1.145482557140951,6.516254980286381,5.958025393136483,3.5638582613977667,5.118081487820218,-3.6826562087449735,-1.916966570907542,-5.457963574458675,-3.9574904647300158,2.707905385495866,2
114,2.602593042914064,2.9278732479213136,2.0434176768690806,3.5184816003073673,4.796738723733752,-7.696339065351319,6.694443277014583,-3.880041732751539,-7.159334236970665,2.0476231362018753,6
115,1.9816041616803202,-7.807972905239191,-3.6321045884513974,-2.3798909523122727,5.939480479440068,-4.378555611247658,-0.47449115956848553,10.840279430954855,0.9340322021366366,3.278007201242848,4
116,-5.632836160459032,7.227173728015089,0.6774615566225248,1.0066033903873794,-3.233384851883647,-4.074422913774777,-1.8584426163376917,3.7907826266094893,6.77002545742204,-1.3812218499119817,5
117,3.5124944395082918,3.7468525268080852,1.630666593694515,1.9439168033774337,6.20421522159464,-8.208739001060692,4.871571662986513,-4.095864422503196,-4.940734605878676,2.826594871222239,6
118,4.452602153239864,-4.703903070986212,-7.218372773266745,0.6776878669193147,4.19676440991717,-1.088735184151064,9.469920424538099,5.565321228537074,-0.9000658218517807,-2.220048184699296,0
119,3.140986341218787,-1.0683216045430393,0.6571803173003268,3.8261875176514892,7.948116017682131,-8.451911521626236,5.9570569380193605,-3.24250943144966,-7.1295915266636944,2.0813719349412594,6
120,0.8857284243530616,6.429812190256143,3.9024561889591376,1.7538961815917542,5.4064463999015695,-5.893180134113287,-2.9722790637835987,-4.584014708303423,-3.145601566215053,2.07044461654969,2
121,-8.377244909119694,5.348838341429409,2.37341360074562,0.5088014586518843,-2.874970273146728,-5.989586973966027,-1.560769311387237,2.6052987171177895,8.22248607477599,0.9799943742527011,5
122,2.4836588380482834,1.141072254961209,2.397409768436604,5.0553891208524835,5.971404877274599,-7.2912845926748435,6.266945527961797,-3.9059514261824155,-6.731639646035982,2.283136757731276,6
123,-10.139200462124249,6.628415319728813,1.450177216355816,1.4871135682957835,-2.885137823536667,-4.712354246820786,-1.1923805798496585,3.1405350656154463,6.821697448901127,-1.2529456882307795,5
124,-9.183801269404677,-1.2778057229118183,-1.4746003117379445,-1.1198382367019613,-0.6555557146047701,-3.8952037713044403,-1.0773852379350992,7.086874656109569,8.718529168887,0.8110596800743897,3
125,-7.1158991587443605,5.432800268889428,0.22887867373035142,0.12184088203172772,-3.5041957638653907,-4.95622958726624,-1.7320793834097412,3.3572610099645885,5.62358677271046,0.9473769531863259,5
126,3.9988951807251016,5.498422453726358,5.4739339842926,1.7564359599515003,4.376807553196799,-3.6460900785088572,-3.213741558373412,-6.324646439303821,-3.8465023570094257,3.4306675217459057,2
127,-3.766915076982336,5.098880778197078,-0.27056516231300687,-10.01606980739425,-2.8526863188789093,3.0961797013090018,-6.11675807910123,-8.156245297879973,0.2649457819381263,1.1561628884701234,1
128,4.67206993311885,-4.357796523035362,-4.8722667108215525,1.1415941038686157,4.419022320831756,1.4207546483823954,9.609154006646731,3.5373495624440006,-0.5028106457168033,-2.7411863528246463,0
129,-7.516972282190419,8.791610306481486,3.3120546159228494,1.1729364389720174,-2.369230578070869,-3.8004363565138513,-2.3508010039088787,1.902849673680979,9.573799479370344,-0.23085381135624627,5
130,-7.720594572408861,5.929132408480788,2.524479730612229,1.7438995568214568,-2.713145413033148,-3.7808773763956087,-1.82737138919304,4.554216008589745,7.5383810535579965,1.9063117782441774,5
131,-6.341567686217743,6.673581980326138,1.3717435544716134,-0.1432413908525818,-3.339185742975709,-4.929109671070598,-3.0925051774936314,5.968552295790981,6.579954059669747,-0.27639990058189656,5
132,-7.979492402129338,6.054145980654414,1.1678807089365735,1.1020640888663726,-4.3635765531835276,-2.7626957057816943,-1.3924971579740113,4.445498087090319,9.130172521810945,-2.058492394482196,5
133,3.9653623950078623,1.1684056175330553,2.258814370351014,3.2987689090673045,6.471775025744341,-7.567010598566279,3.4948742208310977,-5.738797954872276,-6.42325950367883,2.7099727645864844,6
134,-8.027139506189636,0.2366046741197072,-2.724942165045124,-1.6830672225852412,-0.7605651163269831,-3.4046572726839233,-2.0210178437872166,8.955042024473011,8.238221867217089,0.5486119326105181,3
135,-7.777180654979666,-2.222694884060655,-0.5701741524058753,0.5110631376897157,-1.1506822542504493,-3.496538738738371,-1.18722998071729,8.201062661970262,9.415007070735696,-0.3180321694255881,3
136,2.1556123587008806,-4.68472589338388,-5.754477641281303,1.2716747889175166,4.220952964080788,-1.2938438593702861,11.149374256996175,3.166680673063589,-0.8723342528786282,-3.466814950419571,0
137,-7.659469588357539,7.7820674830608505,1.4827062453729263,1.6988503785606042,-3.4084104011150402,-3.7250905339609304,-2.088412820530453,3.3663562536890246,7.4178537853678295,0.4586447080005802,5
138,2.377608474755764,2.6369082735490768,4.429056941321767,3.778808733419943,7.292911409552803,-9.046624896244118,5.558136294448659,-4.644124101807985,-7.383054792865115,0.4905916390304903,6
139,2.918517732050095,8.912148864123331,5.018097341342333,2.0857342668214938,4.228643789603168,-2.796656214189497,-2.861488206896261,-4.7973543968752885,-3.6141150161302047,1.3734445098897117,2
140,-1.9580645283108293,3.347432444625606,-2.2856322479398106,-8.895605766968947,0.12658648990169752,5.434194228203087,-7.416778132974729,-6.567105330007858,0.8517422676380252,0.06786599637631285,1
141,-3.086217752218542,3.471763204431227,-1.604113225379085,-8.65483447416149,-3.7701043432135233,4.917370867039173,-6.045650215503955,-7.788064896716802,0.23871828470767953,-1.1941146202404833,1
142,2.0873518735521555,-3.1756873148392386,-5.582489709146014,2.0032169462328073,3.6351772329870697,-2.7996408092578235,10.84715575631628,2.289326208301498,-1.942392481750145,-4.0832365268813415,0
143,1.690261916483582,3.921204019126669,1.4209071325776768,4.998893657977801,5.780211615225617,-7.0392052825959475,6.5603687180784815,-4.893002582799579,-6.752567703461703,2.599453378472775,6
144,2.018729022612595,1.9292903013433114,2.793857682616695,3.703609952664389,7.477277467727714,-8.360658678525011,3.8431316249333705,-4.8900083547690025,-5.071434905206286,1.188537374565459,6
145,3.166012775922699,0.9440482029729768,2.4106614714249184,1.8469351380856214,7.6285346917825345,-7.438282955940717,4.256112520951706,-4.268604293999911,-6.3284375674897495,3.34363151972935,6
146,2.748326881934584,-8.460386353165493,-2.8321354377462353,-1.4785222636585973,7.476673040854016,-5.279746602404936,0.783918169632553,8.802286069891684,0.7259881922508769,2.299838659964106,4
147,-7.746559598502464,-1.1232383612721384,-2.5807885811925697,-1.6143490642282166,-3.103575520178943,-3.473701641229455,-3.5123366708121595,8.51064793696981,8.681064810738643,0.4886586758166945,3
148,-7.835041303790569,6.40491819902583,2.402918492275811,1.076091938057134,-4.7714050333293665,-4.3865271373039825,-0.9350983668408858,2.9394085760725455,7.187203705743373,-0.08189721053633908,5
149,2.443776518492099,4.068606561241232,4.38320593237644,2.8863476107129076,4.278783225370659,-3.3558919095358135,-0.5024400337678907,-4.309295149402524,-4.066333254511554,5.206531305652765,2
150,3.96755002395924,-3.648893198137241,-7.06740732922859,2.655416586990322,5.264341724814568,-1.185599215439308,10.506200718171002,4.2535473110246125,-0.2645338547437035,-2.4654239582615496,0
151,-1.0783467423076503,4.949412489968285,0.024329635567410524,-8.547283225248867,-1.7298714840063565,4.54898521686752,-6.733435523833634,-5.316586725507454,1.0057018296617337,0.9728480868218776,1
152,0.4481001636750248,-8.528488428957253,-3.8020264459188584,-1.111292583695375,4.7936286326521245,-5.041760098232057,0.5607211850852867,8.843467537742717,-0.18725729238565703,2.4587627396911143,4
153,2.1221390517992496,7.331800038579234,5.017248470565685,3.206303459136203,5.88210778198418,-2.2305927881285004,-3.2943983967264887,-5.58175411856493,-5.299244167431761,2.383837189555289,2
154,2.328336461808167,0.5964605935002236,1.079432178221805,1.634065871275267,7.760670945344235,-9.689940003060476,5.592420331864898,-3.6155686354507095,-7.252167565248297,2.0915990562151174,6
155,-7.65550738184846,-0.6878479124842809,-1.029215019491945,-1.2377767766625676,-2.4273049026182285,-3.0740370557541024,-1.3867623135289073,6.0096848429842415,9.669227361126891,1.4534632100144638,3
156,-2.49113591215897,4.538341177834655,-1.0060273291384085,-9.077477561009221,-1.434945386005031,3.4138694300753682,-5.624029101041944,-5.492939526827941,1.372789254751487,0.532454022420706,1
157,-8.700977250406277,6.921438931683432,2.9509942539622243,2.7970976126025526,-2.7939331381404857,-4.574009207831942,-2.579264067680011,2.351035763756153,8.536603033249474,-1.1521746466492704,5
158,-6.396111038643221,7.15074413592108,2.7718837431537207,1.077308690935897,-2.1575241226051896,-4.38073123177188,-0.7254384523790882,5.513016446922451,6.819330228074554,0.925363962903653,5
159,1.5045473865019834,-3.1709466433976896,-6.015223878400866,0.9655012756461834,3.86133884482943,-1.6765537427856265,9.33103686927168,3.653552995916617,-0.434163452966628,-2.311854947602872,0
160,3.826473097694562,-4.559841685399435,-5.320545343702999,1.5675266788554973,5.729478099247696,-3.107126924905244,9.10494109388619,3.2488233463450222,0.5564883270489247,-2.5143126971903333,0
161,5.042785389993112,-4.13422327282525,-6.71980474124962,1.2882845784411656,6.018913590222028,-1.4720645150479494,9.744669491468793,2.4340510289134456,-1.7843510580356208,-2.795341774930231,0
162,3.1372917614282487,-3.6026284697557864,-5.303222233660017,-0.6341796891051323,4.978064950422073,-0.20468009466754733,12.17513419832478,3.73149733575927,-0.1487123121022348,-0.5510528308821852,0
163,-8.785651397199292,-1.3050540821462109,-2.744073592208061,-1.7350771833637475,-0.7612851718790298,-4.081919140705015,-2.7856587074467987,7.394404312809644,9.48763476363272,0.5879652349002928,3
164,2.390141768433678,-7.721030101967881,-3.3253610640679336,-0.5976532519407636,7.093773157113276,-5.002203350749413,-0.25316300039841266,9.24463839558651,-0.38492882705049736,3.1134829004923237,4
165,2.8408751564683032,-3.7087090943245355,-5.313037100217778,1.57593797745821,4.69316732649745,-1.2941050369799072,7.492985084649718,2.9704807441799193,-0.9716868882656456,-2.505613974051916,0
166,5.6454240340693636,-2.9690197370036957,-6.44799451141401,1.5319812329957478,4.637359280458799,-0.7206825173933727,9.709436853214521,3.463090778567165,0.9492688060478671,-1.9412530678449795,0
167,-7.976788564477725,-0.45954306461884764,-1.2661528467372987,1.5636326636067217,-0.9641680102000657,-2.2764652059433645,-0.7527238376470944,7.194997526180783,10.126118261160038,1.220910646034572,3
168,3.636916266039327,-8.380307316792306,-3.654173729532313,-0.08575709321204039,6.533200619546645,-5.263355583013379,-0.22082160175416576,7.924686882344167,-0.6792732386773928,3.5092553657859913,4
169,3.9230764610433604,-4.483875604189977,-5.549493215098074,0.11098831171384593,4.294176856453252,-1.2591872807837263,10.19482558326554,4.2762845508415985,-0.656239516878716,-3.5737318886389198,0
170,4.462894530297062,-4.692832677148162,-5.936325898786729,2.0721527096911934,3.7870394126850324,-1.9176011250909164,9.647691222096181,4.642780668442653,0.20022783254840792,-2.392064548034861,0
171,-8.231668526414825,8.84418577598434,4.244923010146902,-0.7276112922719944,-4.069554327999062,-2.859496079606407,-2.4738910141490833,3.2144567538836606,6.720923946344373,1.6169943092442962,5
172,4.5950371498695635,-5.175636241602001,-3.9393071522374106,-0.06873107576909288,4.468606409801874,-1.8122673710331334,8.566292290373823,3.621474183723434,-1.1221757436051796,-2.0847423928409374,0
173,2.4002348074653024,8.000251824948771,6.614923121821494,2.1581475383601205,4.332867264935457,-2.5273287737336565,-1.7003218597640262,-3.7331272143081424,-3.929149452907243,1.9866555187474315,2
174,-3.0764964842349936,4.908334514089132,-1.607521164986446,-8.12420505100577,-0.41402673530469003,4.3967593761451775,-5.1426351250796385,-5.614638572818829,1.1682723378906315,0.7484773604941859,1
175,2.948807465709692,4.4871291066486485,2.9217405603354636,1.9375736694420638,7.4795535789979715,-7.282096273897071,5.982046812282535,-6.586465462972145,-5.850733778281327,-0.18233851372808552,6
176,2.1933616204899202,-7.71433743346437,-3.8172743575365646,-3.81718115699188,7.747256610390106,-6.599539439281461,0.4907615841579195,8.409097851891417,1.449876068506924,2.488968617543531,4
177,-3.4284438397528527,4.464062407534084,-1.3309461815112023,-11.079059778762934,-2.6817247348579425,5.059793181186487,-6.3584219055978535,-7.290304031247283,-0.03375177533861373,0.2809386136403622,1
178,3.386940406208814,7.134495342939533,4.791261121634475,2.3125404782720915,4.931445083626919,-3.0055852819315243,-2.6308983953584173,-4.920921259956829,-4.810540100582927,2.3125657993408706,2
179,2.5595864771834402,1.2080426712792762,3.239864673723744,2.9199262666275034,6.309645413461509,-7.3954982029239495,6.19972021539441,-3.1665077318367385,-5.4828485474655295,2.543198901606469,6
180,-2.7022420088894155,5.46152989660443,-0.8836177707141151,-8.460672138348473,-0.7793783505197374,4.595245892464096,-5.42710081963105,-7.312965299241669,2.238112423553469,1.374377134310227,1
181,5.031289199245101,-6.428802399633465,-4.096059657340846,-4.126319989561954,7.60399509764047,-5.381947857315928,-0.9658533693894125,9.215583553291607,0.5428337855904073,3.572803028371852,4
182,1.328006264587124,-7.082042261270755,-3.8532996328944473,-2.032573937380698,7.661540303149478,-4.504440953301516,-1.3664968451784054,9.68622195574213,-0.04240159062348453,1.5268816632476434,4
183,-3.5401992108740714,2.4664460005911666,-1.2288658235386622,-9.988251476579382,-1.7394802902116244,6.21107693744119,-6.190105598133511,-6.668977491374673,0.9732328808326258,0.9222019380471962,1
184,4.86636096897201,0.9294804623863975,2.548454984643668,3.7155581152880606,6.365453553437227,-7.770561685430259,5.031290010217506,-6.003154056030588,-6.910080895932366,1.1229188897366786,6
185,4.535472589530949,7.8343371236772645,3.369183983379089,1.8611734976531533,2.839172567286964,-3.527251661044459,-4.538450436940994,-6.6361126881253405,-3.0294622818843955,3.4805593315360874,2
186,4.2611815293751345,2.438722464771081,1.338539204810806,4.1033723205692665,4.9272668606313985,-8.762735395554385,5.257554638390723,-4.379662669579902,-6.373382570870517,2.0107610181586515,6
187,-7.031702212343192,7.468810399458351,2.871469896626202,0.38404745018895114,-4.589997152300973,-3.203092664918377,-1.3377010682952715,1.34913819684374,5.794710555512563,-1.0856336494390146,5
188,-2.3677038166640116,5.92676332779584,-0.9030029435269402,-9.076359968993692,-2.9154416320168575,3.3346971537196497,-5.238463645826194,-6.3100077313082625,1.9638284192597,1.6254770582870253,1
189,-3.744614937413678,4.235952416252396,0.838935376571547,-8.873943898236908,-0.7129468337993725,4.239656403306634,-5.548621219381718,-6.201169278204538,0.2273143714936316,1.2851146404818032,1
190,-0.8994746601880355,8.137505356667086,4.014509742470738,4.146718121472516,2.7305866505637715,-2.9954828210157167,-2.3525080567984515,-5.856850112681474,-4.899524977332091,2.245777449378653,2
191,4.3324696731765995,-2.8052839320191394,-5.1555867100885235,0.41507004135299974,3.9977595849916594,-1.3978926913962173,9.708744797154461,5.156184039925686,1.0139909594441734,-2.516585562359251,0
192,-9.278715771765352,-1.3697696187581643,-0.869736448649985,0.38530017746950906,0.24666108571447132,-4.254079620723483,-2.8837574895348306,7.322954606993548,8.460606250616657,-0.7682235630111595,3
193,4.173526438288761,-7.53401458854347,-3.7975114391849187,-0.6597307503480248,7.353544416925728,-4.522936775609282,-0.11801066799860693,8.922936895403009,1.7529654385614168,1.6660310403517762,4
194,1.7190744164038998,7.589682974806344,3.5678228004901618,3.1677694153237623,3.9383025171903574,-3.2591956448297554,-4.638725291272735,-6.783624294626273,-3.035041634335834,3.311266347276666,2
195,4.055497092010373,-7.3245641315288,-3.1791612889181535,-1.8639604922135142,7.767037905129678,-3.032925485151772,-0.22913652197492668,9.024472971095312,-0.1331917466367174,3.3022054744455076,4
196,-6.232859915609489,5.618863806653512,0.24315797945807383,0.7786272323738874,-1.3502373074842695,-4.238093732947241,-2.1308312988819185,4.710087743317633,7.1299135601532955,-0.15382713475810278,5
197,0.8629908458554929,7.181730009784543,4.92857653386394,3.602643677755707,4.317002188267393,-4.935530254345804,-3.518235081626961,-4.894343037081656,-4.210248582856488,2.898813361248521,2
198,1.3010534690070457,-7.1911626976954395,-4.4461705022125635,-1.6650810172600345,5.767529811899237,-4.892957414052668,-0.35909192869960715,8.182732558516154,2.1209080887471936,2.8802388484852446,4
199,-8.627055301997075,-2.2409743686995776,-1.1872577786255252,-0.05736635155913354,-1.6072836910460644,-2.8823611034936913,-1.2716394225190089,7.271751726369941,8.524606414003992,-0.025197430892473345,3
200,2.7572334189365457,-7.45134795615627,-4.203244388163081,-0.2904205275586007,7.456746258804638,-5.797756517365336,-2.0891392140757636,8.486673568551227,0.7972958464859675,1.3771626167629276,4
201,3.5948587839500385,-7.3886998297784245,-0.901426081019566,-3.7135145084425454,6.841798354747519,-5.431513987417192,-0.6881082623074806,10.625697552262915,0.47990681261794677,2.908424272420484,4
202,-6.86414483700707,7.787916186789429,0.8568188726019024,3.2084466594107397,-3.550133341940236,-4.355676406478225,-2.1594525571850367,4.213662155509597,6.582595241666823,1.9454289739632191,5
203,3.343000896162943,-8.600640450039927,-3.2338540356659107,-1.7717589684665762,6.974959086442939,-5.658815514147199,-1.0749940045553743,9.179366200267761,1.4332129636695903,3.198348653823176,4
204,1.9554553660480503,-6.615121243607158,-2.858522686476815,-1.2252729355448317,8.430561362863534,-2.335945397021997,-0.4395412973717099,10.321477398802601,0.2606853578737564,2.07480394565526,4
205,2.5177745602502033,2.778458448013489,2.3214075500964,3.942212756659194,7.634336522438785,-7.4493646325278675,5.6517359098284,-4.797531957462095,-7.3727208413022005,1.901812179354008,6
206,-7.172618635389336,-1.337879017633099,-1.0409901652551086,-0.1269772116013594,-0.9328168515349634,-3.276075534858693,-1.09913115567085,7.871616348635204,8.976629156224606,0.41905307667944497,3
207,4.365259482504673,-4.596170290092007,-4.83248289822602,-1.1261980627544794,2.92426317365631,-1.174425235375752,11.47821155279754,4.531653518508502,-1.0638129045127618,-3.8497020514949454,0
208,-9.742164937956222,-1.5871733672781942,-1.3445728698656516,-1.6818583876116837,-1.406713723601534,-6.110581453284775,-0.7674361360930595,6.389497826583531,7.632015423900738,0.5610778709127885,3
209,-6.724948540340094,-0.5331674865428601,-3.413015786591759,-2.0065156195226237,-2.952864481468179,-4.3473830681230226,-2.771854482526909,7.103205252290592,8.060414430458023,-1.0837741839759187,3
210,1.7226368942594883,-8.133157819532961,-2.9285397752261417,-1.525881301469141,7.303027640700313,-4.81816181270989,0.9740286483702001,9.779212657587642,1.1351744832532251,2.9779612113035827,4
211,4.528472168493543,1.8542416956806238,3.200978263085768,5.0535845632508645,8.16450052177364,-7.260708281067554,5.069779906522603,-4.777275191368629,-5.561176346490297,2.302316030198359,6
212,-2.3929739817087716,3.7302791012793275,-0.6813026932244817,-9.524073752230246,-1.201179666197849,5.500106594027266,-5.946462340233223,-6.700891218274186,0.10491821371566679,0.3729230432642264,1
213,2.5785009397632006,1.9306158445112096,1.971257279281899,3.687164480763641,6.358322669754258,-7.238669237164909,5.093913295508621,-6.139644997435063,-4.484696478908312,3.5180649427639556,6
214,-5.802408429821859,7.203972185764713,3.024606733282236,0.5228365121482532,-1.715164572596443,-2.3853111435357977,-1.0876329473462483,3.408782697706353,7.563454820128417,0.36444433565311474,5
215,3.5459674008414495,-2.428833350108966,-5.0708928821642685,1.7736883432041413,4.662114132874056,-1.112534940581995,9.384379916164136,7.268173989723577,-0.7775178927224795,-2.1959708538601412,0
216,3.5943729500242165,-3.246098842070669,-6.547538840721705,-0.3371761629607597,4.768780007789397,-1.917047232083333,10.25733865696414,1.7187068401768164,0.3309026651577369,0.44065429115232524,0
217,1.8791200323810064,6.376180633503936,5.9545624984531065,1.7555709879763548,4.740636932113807,-5.3316015276616655,-2.5562433957720456,-7.0835316271401325,-4.439314121056274,1.8596514961068231,2
218,2.4679348019991902,5.50139461381624,3.618081253089583,1.6482414659746443,2.5163202877551654,-3.851387958416457,-1.8718401291995854,-7.116517298137846,-4.685359125024081,0.5952182016254701,2
219,2.6201890852283523,8.508106978236777,3.699850967436346,2.4177393785910666,4.07969227912663,-3.735930193149024,-2.358155692407207,-5.704254287634294,-4.129128218761545,2.1149392074772946,2
220,-6.038382491047191,0.09324739960952466,0.3972238323394375,1.5521033882605557,-1.554242552662252,-3.6441261965275356,-2.4006129885452197,8.016159953303022,7.882941085105407,-1.5656600776066298,3
221,0.697070208282536,-8.035089110878072,-3.941238749623805,0.26450887793265143,6.56915785928359,-3.513060169910283,0.16793137913161693,11.366486208640145,0.6698956061044752,0.6477811956696984,4
222,4.346934351059976,1.4887492316520605,1.9645561727324052,3.554705015259593,7.888215419912497,-9.198930010802586,5.602119310845615,-4.0884422951036115,-4.968477065289802,2.087393609014427,6
223,2.5520367689333066,6.183073895198109,3.5553550117224604,1.7502009870719526,3.7878116854772816,-2.583319927119594,-2.5488572896644244,-4.415851555977371,-5.512956575550508,3.844975625293813,2
224,4.690333105085562,-3.953744453135516,-6.011926024911679,2.8322654915902996,5.908245019342801,-1.891870910260954,8.791852561706644,3.826809725855235,0.8859366747415716,-1.8248846588628724,0
225,-3.664840431917044,4.104392590098889,-0.8738998299765735,-7.08522626966924,-3.1277647743275194,5.7775209193727095,-5.476060091134631,-6.711910847418584,1.3064437618551072,0.3522753156098442,1
226,1.8933754531384652,6.0642156839893095,5.89728357157799,2.8391870236387806,3.7207897871280977,-3.5595332582780923,-2.8499038756746273,-5.2696397645870965,-4.531658685581319,0.7194599494527094,2
227,1.83601503846798,-9.138371552780315,-2.0820889326145062,-3.6711839714644556,5.668617063758447,-4.161539198219653,-0.07586757234375285,9.143761954098052,2.330485418741626,1.8635229921184526,4
228,-10.203421527178104,-1.2317172518484403,-3.0819859407033525,1.0646020539294379,0.157402919150871,-3.8916184493162636,0.9201054478161388,8.101284074638947,8.378297573956718,-0.4845923752990028,3
229,2.5788985635453145,7.655080341873969,3.721037076202989,2.8887235082306315,5.657830471411806,-1.7052610750296522,-1.180437276596579,-5.9708572161046956,-3.548569348754832,3.427019714741393,2
230,2.4033328169312735,2.2398059151807845,2.616714028740719,2.835169963755951,8.92256206701662,-7.623370802687647,4.775523667890544,-3.9458297080224254,-6.074246961908885,0.26471157125332967,6
231,-7.344278199127153,-0.8630269492929539,-0.01737638857511592,1.5886829766708215,-0.38942432641780833,-5.246316600692909,-1.9941717899594402,8.845020298287544,11.013525230078388,-0.5501800081050404,3
232,-5.49930378543486,4.821931011751347,-0.6082777502898157,-9.065783702101339,-1.0605558152508614,4.632233540057717,-5.58316662844959,-4.217859769987996,0.5346363478102951,-1.3055804239809259,1
233,2.563705286254168,-8.30902592082407,-3.3732596790589837,-1.3289874890511142,6.123274054183544,-5.319744463749533,0.5348869768730621,10.611664452916402,-0.8686031655304673,3.3537454025007696,4
234,2.695732828280616,6.365006688436027,4.728916200641414,1.3522305256846843,5.350874107722704,-2.8433315683484945,-2.625193583636051,-5.409158835664947,-4.322161990404539,3.9317776806113898,2
235,-2.3592178646146524,4.772432057213748,-0.17759643386565838,-8.606393082892085,-0.2009247466316595,3.818088781192568,-5.740758072428432,-7.376969366205871,0.504641296382542,1.3789243295799962,1
236,-7.367116459100905,5.957792866157501,0.7426982863219107,0.7191770113558398,-4.171483259723132,-4.117510933535023,-3.0474685885136523,3.271663345362063,6.877234041448558,1.2277548825384914,5
237,-7.574208409173163,7.81478293741562,2.915695718460175,1.2544863448192238,-3.2018440333778218,-4.8968961288692565,-0.5692928713412293,2.188963251189029,5.365985027963934,0.14593407348798948,5
238,-8.363830075081145,6.398989777179895,3.336489721734858,1.511884484036791,-3.281825772077917,-3.2843593174610115,0.26349077679801036,3.289793447277257,8.652448344194012,0.8237396903826305,5
239,-8.924928815042069,-0.4538307713784855,-1.2857533505749157,0.4765545523645718,-1.4662985403036322,-4.673489809368218,-0.9534964370243794,7.962615629775104,10.199111805139411,1.3917112895946668,3
240,-8.977050544384824,-1.4740205754406883,-0.36153852089763516,0.3294105865880606,-2.6668418954954936,-3.660794231030539,-1.806907272080034,7.854913134294815,8.683705536427937,0.3501055854358349,3
241,2.426554813844745,-9.13870492641478,-3.6434165972880663,-0.8800532640636575,7.739405802034794,-4.899676906828052,0.4676978690512201,10.782395584276543,-0.4389114988688947,3.44400498629891,4
242,3.413011032993281,2.201555098479459,2.0777723125985013,1.5558761711001623,7.047931771800696,-7.541917774239426,6.198974781427355,-4.757064259979189,-6.470395775961261,0.7016235080768026,6
243,3.5213670707650064,-7.4622240745678425,-2.92576243353564,-2.14372004040378,6.681305266003274,-5.877093200167655,-0.2549066816361056,8.757054619652209,-0.6802482349643195,2.9092992575995473,4
244,-7.55784866092641,-0.09804754691077422,-1.2767717324648105,-1.3443640021893961,0.471870783316074,-4.622976339352919,-2.2130514448764678,8.136156337852263,8.938378188021836,-0.8806099107955557,3
245,-8.41765712238267,8.274891383144277,2.670118258630082,1.2305849315022395,-3.325028104093268,-4.298552326958276,-1.7342103389576036,3.5375171746451284,8.191343305396657,1.9097875312590546,5
246,3.380741583771034,-6.834267905060269,-6.011891342038158,0.04823767557354097,4.034554937616442,-1.1462865551606698,9.792476296891298,3.666626764649723,-0.1817798592242676,-2.2837674093479814,0
247,-3.319771487443515,5.035278615825908,-1.1612881956437715,-9.886904163057508,-1.810452761820315,5.082663636036714,-6.805128581344552,-7.287210935878113,-0.16560267722561395,0.10473942509176803,1
248,-6.893350630581392,5.276102139425504,1.5299912718714894,0.6249308177000735,-5.3140066954532355,-4.175235602400307,-2.934648892316582,3.404049159580924,7.462635722378451,-1.667996674538626,5
249,-8.404729503077945,-1.6913181163121087,0.8015689690354124,0.18989687857431797,-0.7500876661979254,-3.008537608496749,-1.3760102240779442,8.395407889693294,7.910188562562358,1.484942069581594,3
250,-8.622728934411903,-0.25672311093509337,-2.1699555271832414,0.8162553768265328,-1.9318957657398035,-3.848364718819573,0.41157361606140896,9.00357392350952,8.969385797012315,-0.6172570298830786,3
251,-3.3391924264154826,5.353040075019338,-0.5422088915362618,-10.564141679946616,-1.380497328599094,5.471196454670242,-7.237356815935273,-7.255945993273831,-0.12613662128086855,-0.043711060585525985,1
252,1.7889428147096231,-7.819260314984955,-3.3529003921638085,-0.3125055957076903,9.372670444449742,-4.9988381826174315,-1.4171598700160382,10.939619338238723,2.9466720875104713,1.5041407096924488,4
253,1.4456213364752153,-7.762966960902616,-4.60048943644077,0.336956233613396,8.342100130887403,-6.624680860587437,-0.7899134023048289,10.320786036293926,1.5634467658907847,3.129705104532905,4
254,-5.796571098817452,7.742576898360992,2.806040759273441,2.1478899958320463,-4.2533653890779535,-5.358156780938746,-0.35921960029355793,3.0185926579692444,6.707585824600258,0.8172417653797764,5
255,3.4460409024095497,6.390247211213642,3.915301568932594,2.002322699878505,3.8284862489893534,-2.972960224597921,-4.087663153354983,-4.605188238101981,-4.88724765951508,2.997227040906009,2
256,-7.685657207965044,7.6036085759281296,1.982526568486433,0.7982543825524255,-5.167012895960173,-5.718472933390258,-1.780709185912543,4.379504787274133,7.466330914078949,-0.635352264720957,5
257,2.406804117837026,7.096944479938145,4.620595753607323,1.0637613249279352,4.948324543866962,-2.831128582774066,-2.937700522195045,-7.1264865505337305,-3.7580135778523363,1.104508962939473,2
258,0.4259535487672368,2.3708624753423186,2.9123922501668082,2.6143475583402296,5.361120672042038,-9.08186039015533,4.757591348079022,-4.666669945684069,-5.837690768941479,1.0381789515152828,6
259,1.7116689960208287,6.456639296300998,4.517218263478928,1.138175851371507,4.635152589298512,-3.9220931841205133,-3.5237019894435453,-6.705011506385314,-3.6792276558319656,3.0437658629127355,2
260,-2.613097046548068,4.819754819410539,-2.3349410123729495,-8.439709869666158,-1.015209388398831,4.549851701994896,-5.798863172860244,-6.071375731852088,2.4466795407558743,0.3838014412375609,1
261,5.538074679979285,-4.54744569300157,-4.650629598739118,1.5260355265229975,4.863726693583061,-2.101794729037253,8.617962498916409,2.5965516590765683,-1.1377991797119047,-1.8359630602507628,0
262,2.282771015726995,6.519207056492424,3.253687851392371,2.998479943736657,5.701021530102894,-2.416938846173389,-2.5769693115453656,-5.7613870845884145,-5.177689495589517,1.9177719574589016,2
263,-3.201184628468851,5.003913427296783,-1.1470642077041004,-8.855453766603093,-0.5560757186260696,5.480897506344623,-6.622819852467783,-6.466753516154856,1.501925283626166,1.2463422479766,1
264,4.1264026445007085,-7.508268308911724,-5.732264418466692,0.9154446606048177,4.048117679504675,-1.7558170596137226,10.31859408549904,3.09848944035644,1.8193401289043467,-1.469352705894901,0
265,3.3088600527876615,-9.96234419101516,-2.410684510805199,-1.3997558057195394,8.192095379022863,-5.162156352006598,-0.15456251463513568,11.045727053187617,1.4031734224914736,1.3307753823823971,4
266,2.856722525558462,1.2355627499253297,1.541395031475378,4.30604000882683,6.7350111142031,-8.425970404383035,6.748330303160561,-4.852577688175476,-6.189184605874385,1.3793781265229383,6
267,2.6940798850080845,5.55946027052071,5.291675947715999,4.1033525233017425,4.752411185981879,-4.068534888056552,-5.066151348672067,-6.955643638732805,-3.786490208208001,3.8819590138872613,2
268,4.255411089493647,7.520790423918743,4.375202085623734,0.8741702043079149,5.22683078332279,-4.763768871885544,-2.9513599560493473,-4.476499738588625,-3.3144936120750903,3.4582357524145273,2
269,4.926871922982781,-6.828686411812538,-2.59188254827161,-0.5077291730288889,7.409679413825127,-4.840178581294234,-0.46476446952154893,10.07274135029184,0.46547439152054504,2.6199929803278654,4
270,-7.110167028938917,-1.8299733981351771,-2.010181308488286,0.20458334922773086,-0.48329863241567383,-4.129334102236834,-0.514782720445629,7.534313442100318,10.920652306452972,-1.6829403861353556,3
271,3.773123767945718,1.8191331740908776,3.354261185322473,4.18184104203252,7.372085233819279,-8.292448556764588,4.605471124022545,-3.438555305244599,-5.807245472329742,2.311022955793665,6
272,2.366616692446309,-7.672074917213757,-3.0418723308935327,-1.0129547148993112,8.68854112531682,-5.458446397296604,-0.3851826206906359,9.411596953440743,-0.9391859503185724,1.9286555620341748,4
273,2.931155346862319,-6.8621098295542575,-3.398482015274845,-3.656314541335828,6.307635074782981,-7.2170904297589455,0.3024068859577952,12.421455297086947,-1.1776723005156968,3.3290292212087174,4
274,-10.199550110223171,-2.161426583179171,-1.5266232797370107,-0.9172602831996528,-2.9975300419677025,-3.7916062096093777,-1.494778050596825,9.177016752087987,8.524483053474992,-0.19792997413806926,3
275,-2.9315793579360414,4.692621506330839,-0.7763386824481016,-9.419769246870237,-0.5138649593879507,4.912247867514657,-5.7501109404575,-6.924532154719576,1.005946010410194,-1.6452006843691587,1
276,4.416858284527666,-6.5074482628564745,-3.4605895127670308,-2.9472614404026407,9.002010254646631,-4.675514549947966,0.5542542305809479,11.188131096975432,-0.7303003300786339,2.6215209592557653,4
277,-7.621343485941845,1.0210893191001142,-2.937786026623264,-2.498419424632523,-2.4715897237154363,-3.011478741367941,-2.1841338624522058,8.445264350026562,9.832421613894658,-0.21434459970966646,3
278,-3.7979903235631176,3.651282513238417,-1.921138222378869,-8.863908194809463,-3.1975308042571626,4.886424620610949,-7.710173068053059,-5.716964874974365,-0.4260283005028356,1.956820060869422,1
279,-9.484632307837831,0.22668387857531425,-1.4418147588615238,-2.019663317343221,-0.2498739014721887,-5.028061750754775,-2.694913517621238,6.6701092917624,8.572867850592624,0.6239679969504143,3
280,-6.569865701824611,3.942071553633544,0.7403243655755294,-0.34159479395508185,-3.482012726035937,-4.266605618212346,-1.2030407464467334,4.298115086165619,8.98355392701297,-0.10884496867101007,5
281,-7.978534710168351,-1.8620147229583743,-2.0865422528665123,0.3120983578034105,-0.30255002051159563,-3.1509671824717245,-1.9539723855023388,8.292431837410462,9.059664194496303,-0.526618766042,3
282,3.5744748802171475,-4.959751455195717,-7.11666876768358,2.27963132851382,3.0603005665391008,-1.2598370854879097,8.540517374573435,4.364911638438793,0.5744703848543833,-3.0352632227446446,0
283,-8.010630581477818,6.172322995030294,2.7863313442477944,1.4406117060800898,-2.480526478716924,-2.8269151574798195,-2.927867625139309,5.375087553499407,6.655655459751405,0.5180382497713838,5
284,2.833787371058909,3.280569041722327,1.9130448291692208,4.880853379904134,6.154448493352811,-9.078251120729593,5.978025129590515,-5.1069441905684565,-5.4741998833356265,4.238625891112935,6
285,2.2583939142295195,1.1651650682160695,1.528547854541539,2.759821071820067,7.476010799472447,-8.23262841901788,3.8863973295655563,-6.424069804636714,-4.757624887494064,-0.14543373357518496,6
286,0.7615160883863403,-7.74781009130078,-3.8475901264902617,-1.2261229512581355,8.274687857945974,-4.24556326966917,-0.47125194514073876,9.193786443184589,-0.23769068780786318,1.4761846139151582,4
287,-4.816573825927243,4.51673636079162,-2.2947815938057468,-8.689640198895582,-1.6568500604993601,4.355011140226809,-5.819683977248483,-6.689591817556444,0.45163186408059675,0.21866301651841058,1
288,5.184848033903546,-3.302827097647917,-5.787458170234846,0.859295107300665,6.319211829710284,-1.3463884720708688,8.856655544332286,2.496551493712242,0.5927704649449754,-1.9973559150207163,0
289,4.8336899320918745,-3.0772256524097976,-5.3015145653083025,-0.6131015858829514,6.174548209227735,-1.2277482768842547,10.785738265053764,3.145701566580123,-0.7799858950466818,-2.0471965268264243,0
290,-2.0840386081086333,4.432588760120963,-1.778253175616297,-8.994346006585404,-3.241051574258345,4.289122556933373,-5.5870048767754845,-8.298586154292721,0.3169531025944923,0.7503077148171585,1
291,5.103983949914573,-3.9763668987858303,-3.5038755762087965,-0.05738229770175707,4.803242477247018,-1.4905289166036477,9.895227538949232,5.2925159433077145,0.20395605977950448,-3.3051750447941965,0
292,-6.481613309929885,-0.8053085615253632,-0.4773067994250869,-0.16950192514558612,-1.4901908316341663,-2.4319303438050994,-1.9931397428084061,7.511545891254514,9.34943729516981,0.941081826868673,3
293,-2.7986558059999007,4.3636009738090245,0.6083133973190846,-9.524845223564096,-0.904170199105437,6.309629835906329,-6.6732997237527,-5.325117917758042,0.7750088230677776,0.6989115305728244,1
294,4.919516606672545,-4.630967634773761,-4.827028223071349,1.310898411471381,5.608365257843687,-1.1176912005224195,8.401899186744663,2.3701069866433246,1.0270071757641202,-2.7663604393814314,0
295,2.81179807501157,-7.573038154361503,-2.2262121998947966,-1.5047884026652076,6.335580217858822,-5.5064468508008915,-1.1557240425957858,9.110400763603362,0.30132190789710595,3.020246965846545,4
296,3.7218973725475397,4.864060596811894,5.04459541297474,1.3288803311515083,5.041937656534744,-2.3011867336352307,-1.768631875553893,-5.27677660226196,-3.2912201382643467,1.6761385406990756,2
297,-2.7849891604221426,4.625836343895175,0.09892984760812484,-7.674066289351165,-2.1372061946108136,3.6568582536246366,-7.2575268831855135,-6.652416015334303,0.2642160931843158,2.2943140718179715,1
298,-3.9306920358522217,4.796795843213707,-2.668290814086863,-8.848449386379867,-1.553048490548108,6.512817720484174,-4.792591674803876,-4.848466535486929,0.10393553496472419,0.39138667343830547,1
299,3.3485265308268723,1.6165532528804338,2.483936535474664,5.520903349728393,7.005162849190561,-9.425645376293723,4.053595111232951,-5.419072162515676,-4.218685572551963,4.02041167214513,6
300,2.05164814662729,7.508312989616565,2.9124825943058004,2.618798218575866,4.337457341992114,-3.480028456117696,-2.3937454925750745,-5.154731467428586,-5.198346314373083,2.236177340495759,2
301,-7.250635333819608,-2.2682650375611066,-2.4661076662089894,-0.9746242459496682,-0.5994946289661276,-2.872181858594833,-1.152342654748744,8.164665709007975,7.231807634629719,0.3557621862260123,3
302,4.9776771393411074,1.7362169320488061,1.8856968406889751,2.2660241901046536,6.805422197210344,-8.877184434677101,3.0697426604603932,-4.610585182000065,-5.3392271643141065,1.9822797206867833,6
303,-9.551707844473556,-1.6033081024994145,-1.844089197137484,0.3402809536554725,-1.9275362539664227,-3.801733488100639,0.022218173056102852,6.298351222569515,8.996301990791604,0.9009427885777878,3
304,-8.131014931641241,0.3236331835849813,0.789306180175684,-0.7461300810304651,-0.039149131592053577,-5.3326033283333345,-0.88476745271413,8.242149683086305,9.924297285993397,-0.7956753080005202,3
305,-3.032871639659283,3.4020571936474076,-2.4107079977345727,-7.717276685350249,-3.2636439862076623,5.76855907094915,-6.832530706038492,-5.411168526749214,0.2099489714317529,-0.5299195786789839,1
306,2.746290668192851,7.623044587694421,3.1532105464145794,1.0840517853292329,4.642456657349013,-2.853536012133941,-1.3468516924589224,-5.906627112773569,-5.617197747134308,2.806148196650342,2
307,-7.842353491630748,6.324277815228461,0.1204711550312707,2.1280820027371883,-3.0418229446595517,-4.133415632063526,-2.3541915865699448,3.5675889774045237,8.147493894658384,0.12640445969368663,5
308,0.39788939620035313,-6.8281845292792696,-2.7554163529554616,-2.860270565231657,7.227699867477055,-6.207198245503395,-0.6879318068181384,9.079961406503761,1.7465123798070685,0.8934111875637956,4
309,1.5005859095542786,7.466368255314207,5.573113993156319,2.2302413864936033,5.9975498901824045,-3.680729074878143,-2.3528591356738344,-6.360202355518495,-3.6872881693989585,2.0513831843780115,2
310,-1.560938741140206,4.911557424229678,-1.4081436073866145,-8.969877898464794,-0.907671285325603,4.665742562720103,-6.019348619654247,-4.972335316684655,0.28486032883456885,-0.45608358256941095,1
311,3.875436653716035,7.134352736133568,3.632456620106709,1.043621894362045,4.736488364442167,-4.178883660352831,-2.2882930151775964,-5.821430919790648,-3.3519647129848025,2.826937721568626,2
312,4.318141624029311,3.1192385036797243,1.0451342695105943,3.009002036236274,7.344402558310349,-7.731228997813628,6.462884742769136,-3.6776672213419404,-6.528486098200345,2.5606063515586164,6
313,-2.5110093507721105,6.6605328280385105,-1.5799618397710116,-7.52044072366245,-2.293415080521563,4.0590080263560155,-7.973118952347024,-6.328294251147999,0.10972187122063881,1.484069111766225,1
314,4.885985643013244,-5.695939215027863,-6.328403200231092,-0.34839258936439466,3.1520261830234073,-1.4138149010641319,8.014843434636038,4.450463550534902,-0.6281777472538568,-2.088861303591012,0
315,1.4282474582664284,6.969177125182468,3.860094242526001,3.316391991370243,4.94244719834911,-2.03211660851108,-4.312991889002854,-4.400538782059726,-3.9630536617348397,1.8943490272944878,2
316,3.7194099760730377,-3.976417861625361,-6.283346448850676,0.40363189277693134,4.690669879693837,-1.3829589377770704,10.48936377685251,4.105949796622905,0.3904846652479821,-3.3006016756584895,0
317,2.6087811321675805,-4.946831900862169,-4.198345641747931,-0.3939176172906875,3.5228841919516514,-2.2046783063073003,8.364094094219116,2.5122674331856016,-1.8994699455764399,-2.6188370492537114,0
318,-6.910951439920918,-1.1357619775377552,-1.3763888577234058,-1.3659211174404413,-0.45408322239382715,-4.009812343087067,-0.8632069524510876,6.427109268310241,9.51465498044003,-0.13851753694840818,3
319,1.967627857436751,8.568739489476705,3.2188856420388667,2.1057017563731377,5.161657915483124,-3.3067508167202075,-4.611553880460823,-4.830826112748105,-5.504718030630704,2.176270528444142,2
320,4.912417108216474,-4.448809306249126,-4.531441315327973,1.4113614844350957,5.335256379424295,-0.9248030694819375,10.28893290150606,5.189050158848815,0.6051120483881586,-1.1638429289805798,0
321,4.639017297471253,1.900437033063274,2.9014973282060237,3.989059934463084,6.40675278986061,-7.074092264620814,3.99609230892771,-5.530010704792656,-5.981573857518017,2.390104747748304,6
322,-0.9221976405467376,3.6919217388902865,-0.9625559392286323,-9.520544664181552,-2.5450980091766913,4.053771675244311,-5.5489630050234275,-6.111857048506844,0.5016836756959628,1.139486688587091,1
323,-7.757396826123768,-1.5415115096045853,-0.10508205720101049,0.6049506886558301,0.4797834824571312,-2.7341586284860675,-0.9204365134435121,7.553448943509752,10.287662127035547,0.0422318613256808,3
324,2.3323550920881595,-8.386417652909145,-4.65846160212605,-2.060747014164322,6.5271603113294,-4.395576917305972,-0.0863155628961747,9.06093983393868,0.617727471378982,4.588354023119598,4
325,-9.208136009113465,-2.1501757588408745,-3.2579166616447193,-0.32926841925001493,-1.4042488779986595,-4.05877645675817,-0.47959750025115455,6.543227812604811,8.929698907263896,-0.9670830379916777,3
326,-8.046976227700254,6.652637978268924,0.9412559985519164,0.37947317484976606,-5.1581533768212555,-3.9462926190086396,-1.762698237066426,1.8647021585448513,7.323970115684779,0.7125235707848931,5
327,4.942122765913603,-3.9984724448964113,-6.833919398810546,0.6938201063064107,6.348790738099547,-3.562916560508252,9.339497953826134,3.1444867002091574,-0.2606146072156426,-1.4094340189297592,0
328,-8.011681103620916,6.4240949691675775,2.7418440811910045,0.7059433312533036,-1.7174416872410938,-3.0507405809756643,-0.6374333940299823,2.472506525637479,6.076535661270161,0.18990156734875943,5
329,2.559515785627349,2.525711144974519,1.9632769034578406,3.2378151244223066,7.680677246837198,-7.761616001678412,7.645535875013666,-5.520183373892333,-4.979163850224137,0.5803431017962486,6
330,-6.536994592098831,6.773383434922993,3.9944357802291295,-0.5639687066863761,-2.335237830607199,-2.7134489755712634,-1.1628855497329433,3.4704383553979192,5.449234927022884,1.2936478103793336,5
331,1.5773260748714697,-8.174260125383084,-4.472720618170121,-2.8415048486920584,8.388775496184985,-5.821932826070267,-0.7067336893754204,10.286468307032292,0.8290532257965784,1.5297383340637394,4
332,2.712336315891014,6.584675946626359,3.985521928763198,3.2525503913041174,5.35635059649518,-3.1416996750843906,-4.04173749111667,-5.233804482920654,-4.509950643163417,3.935249937886847,2
333,-3.938011457785032,4.067943537237433,-1.7679452258860464,-7.911071221201455,-1.0227236248502944,5.6934932090353865,-5.923463591754782,-7.199287361463698,1.5908579268304976,0.3223011554178913,1
334,-2.8751671238472363,4.45254239334739,0.9296150931760656,-9.647320684948493,-2.0248098026782344,4.377521085345155,-6.7219454055604215,-6.33155287295867,0.3366317766471224,-0.22387501815491684,1
335,2.909728641035393,-4.109271005590743,-4.909114762712727,0.49562082188420054,5.766636878578568,-1.681046771836968,9.635599965926934,3.502630901144603,-0.24733517756611617,-1.453175562073386,0
336,5.538112447568034,2.7398665786169776,1.476315571496469,2.4060623324552886,8.881988792741167,-9.985089093955091,4.5660190080476335,-4.429913349229578,-5.797106658692764,-0.0010368906647677534,6
337,-8.014071156802776,6.455445057837483,3.047608553680438,1.8904204661390378,-4.30042825353428,-4.905108337431408,-2.367311922104518,4.315005477308982,8.588647669208495,0.710843284972213,5
338,-3.4014261288286085,3.6877982006440404,0.6299193033986732,-8.747904313113608,-3.9812644366425314,6.178637390150777,-6.188455081512404,-5.785985396677044,1.3130622536701773,0.9331083092238605,1
339,3.6146255652397725,-5.363115702119278,-6.195432915436395,-0.186227749437345,6.4764927552994465,-1.3734295672809558,10.765489510238943,2.4292427226870377,-0.20032684071577742,-0.9797876973084112,0
340,-3.5811434558326427,4.931003284288046,-1.3866132821747688,-9.41737515607179,-3.288271524742271,5.110624373029011,-5.283622943960545,-7.417886849084642,1.079456440985491,-1.2429235019730795,1
341,-7.77554003126627,-0.7023836241408418,-0.3481010282605146,-0.7640152571073479,-1.1545317188666413,-5.386475111007264,-1.5786709188966,8.586297768739616,10.366921055743209,0.33889647155873115,3
342,-7.06135697283981,6.917289418851491,1.789565327241066,2.3801196281346186,-1.9993660173267211,-3.2235722568066194,-2.3503392284407925,3.238807579180092,8.33667710655958,1.9201076527748828,5
343,1.8767493373906505,7.120057174006106,3.719444032888951,2.4741468640968316,4.222657396507951,-5.17131823367749,-2.5962553264752084,-4.848155702134347,-3.113318829411532,2.2529544023228105,2
344,-8.163775158625775,-0.3363372261913844,-1.280443331111998,-1.3902027859988781,-1.3391021683108577,-3.5792652856453375,-1.4600694048370315,8.125233199948873,8.190299577693828,0.19180560004239322,3
345,-8.14401842338125,7.649161704410525,0.9896696019926707,0.2670998127499915,-2.372593809228049,-3.5845858819749536,-1.5076860103691774,2.825979716768056,8.42588353694707,0.7869091798023256,5
346,3.904757730525752,-4.24307117208257,-5.283421444077259,-0.8356803291339625,4.815526035401571,-3.1432805415267455,9.187604369568506,4.939464321301003,-1.1165789264128576,-1.6564006465495895,0
347,2.6852026385272976,-7.765907148110266,-3.5543825534422218,-1.8249097037205093,6.129569268849972,-4.336400902376834,1.517834445925879,11.409222278907333,0.49524065390373806,2.0043709120562228,4
348,1.8639941978828283,-7.810759529203803,-4.8745424125789665,-1.2602471695645163,7.217675952670417,-5.825778429167308,-0.9794443886547655,10.550105824595242,1.293855670367765,4.6466117948654375,4
349,2.415563273009149,-8.01189212342575,-3.8479061442954556,-1.8702028697683575,8.232036151864165,-4.1985495227468945,0.6853235826649522,10.956260518165335,-0.3307668608783395,2.2867617694305653,4
350,3.5982554136747606,-2.774632395182976,-8.25108381180094,-0.5609110451298058,4.265690662855562,-0.6496762561699052,9.545660868972217,3.6009420272039656,-0.5031034655698733,-3.9205473705180642,0
351,1.5486467866148805,-7.120203305544029,-3.9764463363809033,-2.282160628035641,8.234808729780244,-3.9985815993409077,-0.1251169202652616,11.121225304246195,-1.2918512818964205,3.3387281989255104,4
352,2.1755131253860394,7.516416193708418,4.867843490296514,1.5848203106911818,2.791358226629507,-4.874820989786193,-1.8941713787232681,-6.429545855961858,-4.014583873352818,0.8563649432876583,2
353,4.711824116061674,-4.43357302822171,-5.091446246916171,0.8676901746993253,2.2022934650730384,-1.4908683521421364,8.343537018162223,4.443723183374106,-1.061189862712569,-2.762662292189979,0
354,3.4379042396024064,1.0988906716280271,3.02259329526626,4.159867988522526,7.29499136115789,-7.8417178569036645,5.180220594800578,-3.4760190894166754,-6.960544915670318,1.844978180273241,6
355,5.218717802904043,2.1305495793755007,2.1942829740510903,4.051103533014142,7.681516509486714,-8.42088517705532,5.547401371431631,-5.233598386200725,-4.731390777090571,2.7349268929984287,6
356,-2.78476030523301,3.3940687611514235,-1.5697611710281851,-9.296221848222041,-1.5111044194121632,6.180950883009046,-4.629245071119925,-8.059404923881507,0.5830132850863097,-0.4759775683074441,1
357,2.2799612932406443,2.652676331818987,2.376650517768798,4.5049452084868165,9.012680488836073,-7.3877516884168015,5.608512278635926,-4.775851995713103,-5.471692334410807,2.056923009944514,6
358,-8.145993329213809,-2.743788312428708,-0.7036804365538183,-0.7388233991110644,-1.5304054485701408,-2.9505945391399324,-1.5586427146960735,9.85402622457583,7.984397298846797,0.27721926584036183,3
359,-3.146472329739995,3.7353497192856038,-0.3170944968251964,-10.180938946911745,-2.586180538408781,4.759832588030099,-6.471332194218209,-8.499550345420776,-0.28961906577659935,0.8047860843607534,1
360,2.780397332721317,-7.245396418559527,-3.1415676588810726,-0.28325062084451336,6.777251981575469,-4.760110165238255,-1.5562298144343685,10.128213853154643,-1.2026738094193439,2.6183883765785363,4
361,2.4832056694820546,7.145909109959647,3.512011993908474,3.015426047657948,2.5913033271344457,-3.0121200366658707,-2.257693459933697,-4.790636728287623,-7.19270670514808,1.270246992673615,2
362,-3.113387468723141,5.919214679611422,-1.1445622502758719,-8.559158037571013,-3.4518943793879604,5.246917408407567,-7.330172038232481,-5.479025220682248,0.4464282996639164,-1.5996171000797892,1
363,-7.405510695401676,7.331600669297756,-1.1826754734959732,0.9648125800065395,-3.567564049504629,-5.877796418406515,-1.1147142168336654,2.6420026567135357,8.925334712774438,0.06667795117897893,5
364,-7.489994805086176,-0.9695318142621877,-1.6491203853358765,0.6784551319196315,-3.234034105934878,-2.2148849654454255,-0.8054419919239745,7.9682413693878456,8.870590829620513,0.2566402183708516,3
365,3.9049249751651995,7.185415974257235,3.3250946188432216,3.1334747476335374,3.4754306561192605,-3.6781982935008486,-1.8173186433911916,-4.342667675930189,-4.473678045428389,3.246505413463536,2
366,4.6254435877533115,-5.547211321247879,-4.289786928111626,-2.210743142276048,6.115264270903854,-4.342494616881761,-1.1941503805622693,9.107422345010889,-0.4978672318611088,1.7010570756869035,4
367,5.190204981183994,-2.939759475351199,-6.45324561803542,0.4918481736161272,2.687883300963569,-1.776435815714387,10.031407782169936,3.5637935971852905,1.5494888967355207,-2.5634930112283465,0
368,1.976446499990012,8.742948139970032,3.7712156053991412,1.3972781750800798,5.984785219571808,-2.233081669556677,-3.352786390156877,-5.483824207004867,-4.467419053715137,3.1236610321942218,2
369,1.9582286977340215,2.313972284290365,2.6861460351820585,4.562818286288724,6.42165270401571,-7.730762543832197,4.285608499404789,-4.677396004139466,-5.97278893917174,0.9567056790172614,6
370,2.008241021684335,7.334849455028499,4.6401431874634245,2.289873328578914,0.6474894545434395,-4.66799392783957,-3.6274499504022253,-4.791725520461852,-5.566478776892485,1.572894916229306,2
371,-6.920849216653549,5.948178383342526,2.883632931158261,2.318570367858176,-4.718774878046772,-3.2995590176821685,-3.3072490393704714,3.5114229287378476,7.768708068813249,-0.8837236088124953,5
372,-3.3630527516452116,3.585766302502187,-0.5650758504611954,-9.596013342081772,-2.8573902613516373,4.10526493859802,-6.292456584173016,-7.287261341340654,-0.5046605599482636,-0.022290202520463542,1
373,-7.48068703499694,-1.3029589437676292,-0.7410842754224616,-2.1284971613354604,-1.8881175660372649,-3.7173107510148546,-2.062513611365969,8.053558339960102,11.265641750080464,0.14940871588851795,3
374,-4.456331236342522,5.84742344634668,-0.733374217621526,-9.320682458519704,-2.259407358691435,6.621472238472532,-5.414176940053682,-6.110745732183978,-0.7844912935975092,2.2661630605832794,1
375,4.112872225210297,-0.08619299643929823,1.9967031050340038,2.276849619155967,5.203886307332708,-7.755602511460481,5.337804009203403,-6.674400939815671,-4.805334133908174,2.065994829320204,6
376,-8.011884047373618,-3.187736300145983,-2.012809951714374,-0.14330162966785798,-1.2888811114942131,-0.9628043741866534,-1.9823688543937679,7.8886342787997075,7.731197902593335,-1.8496630803096923,3
377,2.351934918130227,-5.1838028231567685,-4.420635560274945,-1.0786330479211377,4.485299808106501,-0.736941150845654,11.140728204132587,2.776501663207652,-1.0053868205526464,-0.35321331271438816,0
378,2.871886636449685,-8.819286289727327,-3.8225400699373493,-1.400598846053921,7.685368387117659,-4.167883503557884,0.7575858924086256,9.380625957756129,0.47727030409942517,0.8385691258701811,4
379,2.5420587821349363,-6.986203332465899,-4.381644483637745,-1.200925399900449,8.337592980418219,-3.6628740519867766,-0.6329253154413013,10.311550463525702,1.6964348070856634,0.702267598861551,4
380,2.4567272275229706,6.042799200725506,4.15911072503834,1.067527261802636,6.5467083275056215,-3.557853432434045,-1.97817027945423,-4.472766726603688,-3.044803939759129,5.167392260725511,2
381,-8.757036471341943,4.841080288287795,2.845576826806051,2.4072503135272756,-2.3714732090354085,-4.059750712806162,-2.5182114261595263,3.416457483824386,7.114237931871382,-0.9924411949115217,5
382,-8.151509319895874,-1.6419410590387207,-0.01695237468801758,-0.3220298092854502,-2.097216126418459,-5.2932791104501025,-1.96417266307739,9.734783893856369,10.047005077331239,0.15609833677373713,3
383,3.488240052815403,7.5379241071860585,5.113240952007213,2.602548833211789,2.690457972803972,-3.819940602382788,-4.1966093493106165,-4.065523306927855,-4.13973279692983,3.889278322574947,2
384,1.0237137461044854,6.273480373136811,3.0372772953675966,2.5860071101888984,3.751877646613187,-4.642243992751409,-3.119641323454399,-6.619612338350331,-3.8167022524357805,2.9039699711131925,2
385,-2.485615388251029,4.719495611387081,0.34468452337527977,-7.536417190984247,-1.4853402858207934,2.6004664685406667,-7.834493702970637,-5.5047143042603235,0.15538891731170934,0.8713954996156124,1
386,3.8682915746331843,0.9221668598775197,2.035398257927989,3.5505181924781457,6.672099412026622,-8.39068096558761,4.780819300974023,-5.257252331160595,-5.431768911577128,1.9867975821423038,6
387,2.745614619513158,2.2751539559863496,2.658493965032245,2.8817154475096647,6.118352228664516,-7.629044803570969,5.597124672513808,-6.628690883246543,-5.35113723431539,0.18952410261506403,6
388,2.534655755805164,0.3428897887635205,2.8218068143984163,3.2154571121474476,6.996109577672257,-8.733210606931879,7.429503386407987,-7.1046726078531774,-6.712209079262506,-0.07187671397562245,6
389,-2.523164685926106,4.424548009516027,-1.527885824617183,-7.546185280616153,-3.7487757955516563,3.7981027728560206,-7.16747437237078,-7.338645947048848,-0.09772556845460834,1.1250276998281419,1
390,3.2602810857237867,-2.6650202581800233,-4.5669126153059905,1.3959149679619987,3.6280851509511374,-1.5342256425370029,8.359615282029829,3.144657896001192,-0.6265653119979764,-2.5192895679822023,0
391,-3.561515780683433,2.805751306577264,-2.413212599180202,-8.660462842795116,-3.8256417460703767,4.607513616624286,-6.803734567117528,-5.491712074002947,-0.6870163466386887,-1.2952172369636674,1
392,-7.631903165339345,6.492927233464229,2.021978960291877,0.7232753734694044,-1.530532696375323,-4.275948743870551,-0.553071295082318,3.8331846988656424,8.46347606668045,0.7673392247329012,5
393,5.562866774866716,1.546250160841863,1.3632395208190646,2.775700145249749,7.786775325887232,-7.261025858144835,5.7507419224864735,-5.862223736431352,-5.426229254549193,1.7182980242944144,6
394,4.383782458179007,-7.554140849146882,-2.372446524547245,-2.862662534684948,8.196685048667447,-5.200528035306569,-0.48598602616746267,11.091786944534856,1.3583412618897979,2.089761302931629,4
395,4.896891294006748,-7.916992817561801,-3.510143984326218,-1.7965427247197816,9.231384713363038,-3.983538819296535,1.5921516315068232,9.135783721886776,0.5550919901695053,2.30913053675395,4
396,-8.454219268636129,-1.2046792210311048,-2.2780756382953653,-0.986073116669935,-2.059954745445821,-3.2626898747997295,-1.9931770310008243,9.413173582285248,9.356674273134486,-0.23181303084059723,3
397,2.310510023745576,1.490187864298901,2.4160993267997948,1.6132976439244973,5.95947272462514,-6.909319382334353,4.830812566006368,-6.6079600384314094,-5.6250699943280775,2.6348478964679987,6
398,-7.1449505607215125,5.595305146985289,2.1738684485633186,1.808402391535149,-2.3719732854823508,-4.778013301920343,-1.3769337222142397,4.1059096772638535,8.433897758270469,0.26585809469399524,5
399,-8.167207718796954,6.709293361705364,4.342885428086157,1.7756870540928005,-3.585583303284145,-4.259301332560084,-1.0526281040678263,4.590661308049982,6.362140884193233,0.5995913938578916,5
400,-7.599759706295303,1.1953945660983174,-2.0461398698515527,-0.582972863927187,-2.8470328430119087,-4.851616160987208,-0.35230795624808753,7.364679196425734,9.33493693433055,0.06875756006893055,3
401,4.209070084087165,2.6275939381811932,2.4591853825765324,3.7528810631341334,7.034436802379105,-8.829584020629154,6.159520351660256,-3.6616781080806504,-7.782175217816531,1.9761027283115573,6
402,3.7853703644769396,-2.960607705128859,-6.167313075844697,1.7769052985263059,4.7320173770804885,-1.6643083612204153,10.791194739526917,4.376666304564695,-1.3863291236948854,-1.5174309556971424,0
403,-5.713518601470343,8.155681169253329,3.474579821653034,0.8797268144506825,-4.603247703405041,-4.986855587812931,-1.9762512933135197,2.9418616084595928,6.791472566141421,-0.027400757327896763,5
404,-4.553189264176845,4.89408607723278,-2.0142745051750226,-8.876825903899922,-2.536683676440367,5.015085636037404,-7.360782427001951,-6.245699502153683,1.0208084927804602,1.4641463271359498,1
405,2.592607274490101,6.806773817358996,4.653586789189508,2.969011742311773,4.6277447607211695,-3.809672990284512,-3.4801642829886816,-6.20908486634466,-3.856246388863017,1.620644227154664,2
406,2.5565297219806196,-6.6091113846299905,-4.072345482537758,-0.6603298307190679,7.56052196889286,-6.610175961307173,-1.550344870641951,10.8410377787091,0.3925743024700122,3.403622231906388,4
407,-7.179052598710515,7.621567925016132,2.521526490848374,1.1965760736178566,-3.9132243272428204,-3.055121638761191,-3.6277049417896494,5.661842252394304,6.95522266085446,0.9219584642159271,5
408,-2.3125432343733667,5.075228646745974,-1.1618397971834522,-8.147000672062969,-2.9840043023441836,3.1798485526269564,-6.732251943164968,-5.953041819326372,0.7388573591053781,1.6505104207822712,1
409,-9.825474548679203,0.7278037281543841,-1.2661419676945393,-0.22339112823274332,-0.28020134202012414,-3.834484379638949,-1.232342669913165,7.711883081618835,8.381383261121938,0.407921022776254,3
410,-8.2991184007726,-1.4040778324129999,-4.057235023710238,0.5718587339767564,0.865961500484437,-3.188941991689293,-2.8944527057026628,6.873091564900258,7.944774628661044,1.69378549903179,3
411,3.5168176455127487,3.5218987127669354,3.1637062554182047,4.886679799932407,7.018450872979945,-8.303930910244366,5.486208136216492,-3.897715997079432,-7.007427877364278,0.8591377373874766,6
412,3.6860722329781765,4.754730629261498,4.262056251387838,4.437258346818492,1.9457066396674931,-2.698169505651273,-2.3462231467847765,-4.149034328071652,-4.299310867749042,3.8098769161426356,2
413,3.6816286424026328,2.2062695202188616,3.1607289747298135,3.2112612538929315,7.727975085073993,-6.781752529689825,5.114173564926713,-7.389089451355245,-5.457743051801525,1.4712322364891626,6
414,-7.918378771136749,8.02363439539708,2.956536658149328,1.935753046606999,-1.5143586341149595,-4.233216641910432,-0.6578189013534128,3.023461228569344,8.757368890042606,-0.9199066785898746,5
415,2.9425798226669104,-4.217922167097704,-3.718929841705105,0.058550985958346735,4.808947071606656,-1.3309432782275208,7.36374898170444,3.1076242252265867,0.749789934993208,-2.0225719636322905,0
416,1.685393749974578,-8.10422596336778,-3.099924262796959,-1.682482810631478,7.810828784407159,-4.319921753481423,0.548676687381852,10.205144722679753,0.15743118255728103,1.3926632960512664,4
417,-7.666342275424408,5.127199381994741,2.7162844930556087,0.3914759262237897,-1.598497317275513,-3.4908775224411266,-1.7900272975666038,4.047863999767397,6.5759052562678395,1.6544480905657621,5
418,4.011292880681042,6.985481041683015,4.0584466526037355,2.0740544390172055,5.6090435984098095,-4.182334058767891,-3.0644592846595833,-6.066996160655743,-4.3300356070006565,2.8332180794275255,2
419,-7.929982889027352,7.038655413816676,1.9442312935461024,1.3448753477565898,-1.552702835447575,-3.717579712138079,-1.7574402330052228,3.1211660649758874,7.041361540279446,0.10828757018730896,5
420,2.7134637535068733,-5.473134997121859,-3.80083857272892,-1.8650344734253765,6.6844866104772915,-4.343874328384928,-0.08795743658244615,10.523038620105627,-0.33604953744449617,2.9867980850791844,4
421,-2.897938464794702,2.5307764702977362,-0.9321964503546079,-8.241045503769826,-2.7083204988558203,4.8031586575390675,-8.214049690230748,-7.720933938729923,0.3067921285962399,0.326800597921215,1
422,2.46454492006604,1.369352079041521,2.6351840693853585,2.4416290257745983,5.193011268784089,-9.255894487371695,6.013654950339911,-5.834497344534609,-6.815688906350878,1.9348769261144438,6
423,-9.380410129832502,-2.1565853339955847,-0.18726292743455208,0.1273203907095759,-2.092517473492593,-3.6782100165774194,-0.8621254091951821,7.327636480542349,8.118185356996824,-1.7396680056410605,3
424,3.3852616156022557,6.168666847947848,5.636614020290572,2.750332091158754,2.9952586602568587,-2.7587574787429374,-2.6269759689929484,-5.022623758493424,-2.6016724724246028,2.4896003150276336,2
425,3.177222664585125,8.554669154383316,6.09372062188562,3.0426884178082627,3.4572629655835527,-3.2309582695139007,-2.4218043114737315,-4.192718759777259,-4.290594251243289,2.6350942601056344,2
426,-7.119617135832106,6.521215870770502,1.774817187651335,0.734798584460791,-3.138817344586916,-2.6891664244831266,-2.587349490889553,1.6911497069187222,5.9934309757376045,0.43625530582032745,5
427,1.9124988649646228,7.714560692875167,3.4191592366375954,2.996315067741415,3.488265180832512,-4.262897438833921,-5.605074243356993,-5.590818834162585,-3.9365300972940545,3.446594985143223,2
428,-3.4944597795459535,4.352959609394916,-0.74307988032942,-8.135929677161466,-2.3668791381125596,5.7727763094945885,-9.517220719582905,-7.204953875075379,-0.4813367940004196,-0.6176317686476,1
429,2.1226355147037026,-7.102539748514062,-3.9367705946296305,-2.3571408047040388,7.7689228652695315,-5.455319636445814,-0.258348639102128,8.170087699317206,-0.06934200335357638,2.5493789766484323,4
430,2.741209029139381,1.2278523826008951,2.906711951806926,5.0831417063373445,7.836737317820781,-8.406487640371079,5.085782496493246,-5.840598241615448,-6.0596285857543695,-0.8725414373254887,6
431,-7.632873146971424,-2.599114791685153,-2.2639177082333664,-0.7857130994898979,-1.512982409178538,-3.40911492306845,0.6831117841015018,8.142823413574767,8.708856682677359,-0.678147256924085,3
432,3.683786046008461,-4.229104737855794,-7.0681517245029974,1.1524760625384434,5.58061185277636,-1.8861289163501611,9.418047599288025,1.654498356201842,-1.7805958389223682,-1.0999545346887736,0
433,3.761506485410953,-2.968694848666394,-4.5815540089566795,1.9137377001044142,3.6569305145994853,-0.2810499656624166,10.746928476888197,3.1431904428957003,1.142490046887022,-2.840875579116779,0
434,2.49020731314088,0.1852697463170272,3.2360227346597212,4.513994828926235,7.838039300015548,-7.673812485685202,4.2330004494230025,-4.172823966366524,-8.02572441021318,2.227586985436619,6
435,3.9338179394592876,0.47975945061860537,2.4793451659795234,3.9115936600739656,6.417964497040175,-8.967246320699704,5.003940023695551,-3.821248066813694,-5.103731803395992,2.5552815262075885,6
436,-8.226931919135394,6.01073245966332,2.153707298642521,-0.08941835586502211,-2.4265491585908148,-2.971111490304155,-2.117387161790035,3.6358617203579744,9.027502467676488,1.0094640213186024,5
437,2.539589171964068,1.9664865184852105,3.0569631660705965,2.545126750900439,6.73903497357409,-9.725124601894933,2.6340887728543723,-5.326482877397018,-6.438238257159847,2.975367347208288,6
438,2.044183850046635,1.6163354956890386,2.7524468809179243,3.6677280129502017,7.530228766339951,-9.132774008248068,4.459872186524058,-6.3965648094818,-6.948375657057902,0.7621563764382934,6
439,3.046181877844102,-8.363237226057034,-4.375436145015371,-1.3143235543808207,8.131819810789356,-3.5831461558294864,-1.2135406456444087,9.812175313852745,-0.7718901304331929,2.6377652114305166,4
440,4.485932416867277,-4.489293423268037,-5.006700033513708,2.570839833113963,4.14971061423355,-1.3945630650029082,9.869100444241937,3.9803201274683024,-1.7932508463840087,-4.034518291990884,0
441,4.337443962794472,0.49579567520513557,1.5729246059333217,2.306795557021676,5.934808531313545,-10.730562495448378,5.840605466121231,-5.7447517809891995,-4.25245383525753,1.8613312891658915,6
442,-3.0122121790228804,5.763325794434818,-0.2857887264290123,-8.603397579399921,-2.7745117071903,4.946337715040183,-5.265522367584061,-5.2997756147231625,0.9907145364031629,0.272194541771103,1
443,-4.2547385554407695,4.549580994494371,-2.5510282164641795,-6.3670280039434655,-3.7071962073007594,5.105808863676652,-4.694392237455832,-6.009677817638065,0.32079992345539243,0.08440765810453599,1
444,-6.54938916402247,6.351491824551046,2.226764971085477,2.144413111251068,-4.435377919401006,-5.313990875000256,-0.6017853147792913,3.7708207101394904,6.5764893558799296,0.026828314032874667,5
445,2.7066467522084467,-4.670524152773568,-6.420552767472572,3.082762722883046,2.500887015324446,-2.6662013456925746,9.213869539235295,4.3700860497955905,-0.7951188516928438,-1.4816862431140119,0
446,4.086880346882895,1.0839731194542233,2.764723662784256,2.2519312792859845,6.876325653035804,-8.490958209178322,4.72596292574872,-2.0887940377096004,-5.834039685828121,-0.4296805402622672,6
447,3.8105188672490087,7.640549181826615,4.2724196991799825,2.600815003196012,3.308333387040938,-3.4549245685436456,-2.170186682768335,-6.209068108757415,-4.506010169335094,2.9321159968410786,2
448,1.8489064660027763,7.181084642940284,5.29943209469723,3.388460804976268,4.944596566928106,-4.672778256897717,-4.317805063073788,-5.0261098215802775,-5.13736282539632,3.4638570831756343,2
449,2.8483009933249184,2.561558489355617,2.339982711483144,4.388584351273788,8.759481080579873,-9.06003903516014,5.889083350347791,-4.252313784170383,-4.865114419893258,1.5835984691099696,6
450,0.8739865724615534,7.103875411309055,5.651736414849453,2.8822811641864616,4.4309798108224365,-3.1378198905502526,-4.411342590514863,-6.124375546878325,-2.4476503629315935,3.803641224685712,2
451,4.098105978893711,-4.001871437912488,-6.093589320146514,-0.36807973105536496,5.302067331531116,-2.8114410343230247,10.755940210639773,2.908429212809606,-0.11612801191448241,-2.5299213674752754,0
452,-7.412577845221743,5.6773104061750805,0.4417066318638603,2.1447932232875684,-2.36340449627205,-4.576343080945228,-1.3063694843034468,3.1697112547450343,8.439548681464636,0.7387071749325014,5
453,2.034510478095332,7.656723202192841,4.273696008058853,2.4064488023072457,3.979317638520538,-3.493582109204018,-3.8446398925307124,-5.27384621559544,-4.728294296451062,3.318851031517999,2
454,3.602866065338509,-4.173152565982131,-5.297013954241762,2.6282030326747527,4.448066834161171,-0.4734481090998732,9.575954633047395,5.145498383323027,-2.251759449059982,-2.7563814027954185,0
455,3.562595306560599,1.8011795824922479,2.248026045604961,3.6447606155319954,6.321203750295631,-7.6761436223082455,5.510119505013809,-3.18733771696773,-7.309353978607876,2.6976691655532425,6
456,-7.633186028621451,4.964949698262973,1.2933832326853525,1.2885833654471956,-4.357640869365358,-1.8988702598681586,-0.35863483418273123,2.6953632828235623,6.657823563464342,0.3450309742404196,5
457,2.530623430505855,2.2479926414037665,2.817324924676486,2.53779141462524,7.208235721237573,-8.782172119682327,4.375944509043485,-5.52677599520946,-7.066068297388311,0.7308497668818988,6
458,3.19024143760145,-3.9899990200890434,-5.101767868944264,2.1094941843460235,4.590039404430458,-2.3910723132913416,8.039051120295653,3.5690326096873344,-0.4088203470023522,-2.255741218910589,0
459,-8.415187659973377,-0.2884679110588304,-1.486675493319286,-0.6464801027370084,-2.0041622298772195,-3.031928729164735,-0.8004681445440028,7.653810468936499,8.484317044782186,-2.2652316823204557,3
460,1.4656611430929278,-6.23235774039775,-4.432306032709485,-1.0943420992849462,7.4773122636157385,-4.941808083759846,-2.1435880198325705,9.62009279952119,-0.5898484932364418,1.6728904379581393,4
461,-5.97061016469364,7.297774430651734,3.092622128996881,0.3355686824279779,-3.1743947361390203,-4.680892299326501,-1.5756797409832977,4.169624472799209,7.744198504349064,-1.2889150198862578,5
462,-7.613253485686697,-0.8456388954876441,-1.1131103784376917,-0.7786090856741169,-2.7828970840702327,-4.75719151155274,-2.2904848011427834,8.714130034193639,9.958734212898335,-0.7597776784036301,3
463,-8.034710427925154,0.010438624346516212,0.30533250748450347,-0.5952433590527202,-2.502801325956037,-4.297657053711547,-1.0528475980259986,8.70056961053191,8.4750855071845,-0.877443063698218,3
464,-1.168670587591954,2.488892377426615,-0.9082407720343756,-9.515604909415373,-3.9641735663025317,5.60153873794737,-5.017965507035095,-6.882592587549407,0.8419437730587777,0.5724750017741642,1
465,3.4729577558136397,-5.022360522851004,-5.338612296097023,2.543269059904436,3.802763444859047,-1.3835807469589096,8.468046826452074,5.216761213903798,-0.1923185278986713,-3.2394687594076093,0
466,2.626535492291216,5.49352721221599,6.453995902551995,3.725478402901341,4.417033633790879,-3.66566349558139,-5.694449731921695,-4.399472819508139,-3.5628578910661255,3.432334347586624,2
467,-7.14865796101177,6.375363806673789,1.5457485327387002,-0.6643933883757032,-2.045324503338218,-4.199997587726037,-1.3190696417291123,3.931466453071711,6.136232212723057,0.8959082545576279,5
468,-6.998335312725775,7.791612075157287,1.6221491161978359,0.6235529589404618,-2.625570044945478,-3.389454847884298,-1.6263371444687496,2.5702223200354464,8.798228514451766,0.9711824192997949,5
469,3.2630673964518873,1.0747093846756428,2.3304042128385576,1.9830313395196817,6.432126203430017,-6.8403487223601545,5.464575547517238,-6.245062693156376,-6.5708255359436425,1.5796879399058494,6
470,-7.996337061430251,6.26954645426538,2.9713711893232633,1.9154910827560991,-2.002604221693601,-3.4128053279362836,-2.6688928528316067,3.488844736243387,6.523852174376079,-0.2995867792161969,5
471,-7.1421134851138826,-2.0608988413589904,-2.0270976990114957,1.2209614339275352,-2.7900064417594193,-3.904417906249275,-1.8525788645338517,7.134187962975422,9.869015282887137,0.8992870398159647,3
472,-3.2110033698187324,2.9672630471384123,-0.680631148155807,-7.362890303456886,-2.7438353160159767,5.607246772719754,-6.435370783223722,-7.583654152027564,1.6289174425565505,2.322588573233565,1
473,-9.148206147854976,-1.780082312063262,-1.8218091301629804,-0.07212481048569429,-1.6906907264298752,-3.8370307162536235,-1.330282270450483,9.845787643526492,9.157232308915729,0.8661491287789687,3
474,3.8026018098041683,1.556835453919506,1.5197671966645798,5.239721560586565,6.669710388667899,-6.592888528755229,6.15638526574491,-5.067598101537098,-6.286981972692882,1.6355688579834462,6
475,-8.96034726869443,-1.6556533568969938,-1.3959233775294295,-0.649779575125682,-0.7770613535988373,-3.3240453586492626,-1.8072991723072107,7.8479580194915854,7.344134514199391,0.3579877931961196,3
476,-8.762502803053685,-1.0809945002692467,-1.6935398000614832,-0.5256184456928228,-1.6909339449056482,-2.643153053334758,-1.260132425459945,7.936735186860938,10.265779155852,-0.23141493521059747,3
477,2.7171147490611687,-3.5864360280767684,-5.942093874030291,1.3863461097386613,4.766299510148892,-2.656566398656354,10.405112002426609,2.6890859704620893,-1.6871478366544213,-3.0404786238390265,0
478,2.3753751484683376,7.73252796442094,4.792017793768334,0.1738480064851582,2.760980921372763,-4.201652989546529,-1.853927223108352,-4.763062304738204,-3.6061957114734278,3.2472665734255797,2
479,-7.259546294190426,-0.4205237104410048,-2.7581852732211596,-1.8160889416824992,-2.1192758038091766,-2.08774975370676,-2.961115209959442,8.549580120038028,9.014626994696433,-0.2650839364674857,3
480,-0.14563828498708054,6.455228255644124,5.337033310123399,3.602701052406874,5.05483788958447,-2.900853131438694,-4.48012837750835,-6.113109193815821,-2.65131405631129,2.0956624666056256,2
481,-3.9609402517362327,6.009657982120132,-1.1371267978934552,-9.308773356078307,-1.0654705135922122,5.757865500317875,-6.825813158836439,-7.4629017141356,-0.9395011242244431,-1.1573371789889157,1
482,-8.26849734779638,6.64202379370766,2.0436278692385312,1.0639952851109729,-3.0418617843085616,-5.475064939001062,-1.0107088341286155,2.233738879634396,7.208480086212172,1.4598620495239625,5
483,4.56675780030022,-6.304316295314802,-2.9498053544594938,-0.98393481020898,7.4951173115700875,-5.1531364542625875,-0.35178385845259685,9.735595817955911,-0.05952143090718337,1.8442572716270824,4
484,4.943687595490694,-5.986205077541614,-4.734435527880804,0.9275355757911115,3.8593905314967465,-3.9809465833900957,8.234932644038011,5.3946537639445165,-1.0699105027763358,-3.2424184073700717,0
485,1.6576968792424362,6.896766665663106,4.752480746921597,1.889568067948143,4.6366570511543514,-2.0586582662280533,-3.7961403105530205,-8.072657869709266,-2.5250949328900907,1.827860240451195,2
486,1.1676520470599023,6.541195717710708,4.952593752137108,2.6129634715623506,2.8217004541960478,-3.2808120407725943,-3.3720795183782863,-4.236067477474975,-4.325898844874451,2.9788099475120267,2
487,3.4156636993414176,1.8275709036399037,1.6824587680646284,3.920235705016345,8.2321088356661,-9.220563538463706,6.401878054619812,-5.8145265400706965,-6.573821776018763,1.7122092398985764,6
488,2.3723065809686825,6.257960401142364,3.149665122367137,2.775826818799697,4.677588391339867,-3.0765062588139918,-3.0706622685063656,-5.65265888800229,-2.6837199234471103,2.018937611590819,2
489,-3.47303140105822,2.855104142890763,-0.6173172799671155,-7.497091093775541,-1.3432352316738307,5.080216327386984,-6.995090848454757,-4.915315131083672,1.3843036888360856,0.9210212986668713,1
490,1.2309191184072865,8.37212718981511,4.45072822686032,1.6226796395088177,3.472289886826666,-2.5960014110756995,-2.3643313661182113,-6.308881702689278,-4.936816860554365,2.231999373476157,2
491,1.8062833619147907,-3.2374862100997106,-5.866336966818046,0.9002657963448095,3.551862672886208,-3.1438335582281836,10.870521342416529,3.007725787850344,1.2795905178351583,-1.350341449906261,0
492,-3.438535352751919,6.852027915137527,-1.422699399430479,-9.007658096086223,-1.3868096142366269,4.847120451909069,-5.362736941172427,-6.213516075168007,1.392116619375149,1.0798821549221542,1
493,2.5717134569114113,-6.811501309893657,-3.4824817640656174,-2.5933278465349177,7.7392164942980095,-4.130580447122686,2.7114402199771432,10.007747324036092,-0.09214042167613828,3.1886770317867628,4
494,4.132784927847751,-10.154299166519069,-3.1283975424371437,-2.5098744069907957,9.670395880418095,-4.1629071651966845,-1.3580657118187969,9.100446387977584,-0.18022848619959542,3.4085485106955096,4
495,-6.992037123663362,8.05893545954566,1.5814597890779214,0.34628995799064477,-1.96909848393355,-3.7671151768484896,0.41745329964222533,2.7054972807116133,8.242438531403884,0.8445311340237452,5
496,2.879164721699142,-3.7093332335384144,-4.949988079117214,0.9993727910895522,4.700960899094141,-1.6799215246399637,10.36731763595959,3.7662355211826215,-0.6468075952085546,-1.2280651661742785,0
497,-3.5338031687930087,4.157966402527521,-1.769243443780015,-8.57542480046526,-2.7311674951122265,4.894878224631008,-3.583562319828129,-6.5445743371214915,0.1970227385381187,-1.0311374862105798,1
498,2.1021328797017675,-7.368143345410076,-3.197163588894718,-3.367049652279131,7.098103681329792,-4.901243588955663,-1.5916397840776617,8.975848169325134,0.5143372508061055,2.944133139648174,4
499,-4.626021384081955,3.8864343609832606,-0.17069255923541005,-8.444626720826399,-2.220542356418142,4.992777246980259,-5.843188906609734,-6.784060578137184,0.6020815318600282,0.6002443671383867,1
